Date,PX_LAST
12/31/1996,6.745
1/1/1997,6.95
1/2/1997,6.9
1/3/1997,6.855
1/6/1997,6.89
1/7/1997,6.91
1/8/1997,6.88
1/9/1997,6.875
1/10/1997,6.975
1/13/1997,6.94
1/14/1997,6.885
1/15/1997,6.89
1/16/1997,6.88
1/17/1997,6.875
1/20/1997,6.895
1/21/1997,6.88
1/22/1997,6.895
1/23/1997,6.88
1/24/1997,6.945
1/27/1997,6.945
1/28/1997,6.88
1/29/1997,6.88
1/30/1997,6.95
1/31/1997,6.825
2/3/1997,6.88
2/4/1997,6.745
2/5/1997,6.775
2/6/1997,6.885
2/7/1997,6.745
2/10/1997,6.855
2/11/1997,6.86
2/12/1997,6.745
2/13/1997,6.815
2/14/1997,6.605
2/17/1997,6.6
2/18/1997,6.63
2/19/1997,6.62
2/20/1997,6.72
2/21/1997,6.72
2/24/1997,6.74
2/25/1997,6.745
2/26/1997,6.74
2/27/1997,6.72
2/28/1997,6.715
3/3/1997,6.93
3/4/1997,6.96
3/5/1997,6.915
3/6/1997,6.98
3/7/1997,6.905
3/10/1997,6.905
3/11/1997,6.94
3/12/1997,6.965
3/13/1997,7.065
3/14/1997,7.055
3/17/1997,7.075
3/18/1997,7.075
3/19/1997,7.095
3/20/1997,7.09
3/21/1997,7.115
3/24/1997,7.065
3/25/1997,7.125
3/26/1997,7.145
3/27/1997,7.275
3/28/1997,7.275
3/31/1997,7.265
4/1/1997,7.245
4/2/1997,7.225
4/3/1997,7.225
4/4/1997,7.275
4/7/1997,7.225
4/8/1997,7.265
4/9/1997,7.255
4/10/1997,7.285
4/11/1997,7.345
4/14/1997,7.345
4/15/1997,7.24
4/16/1997,7.26
4/17/1997,7.215
4/18/1997,7.18
4/21/1997,7.23
4/22/1997,7.195
4/23/1997,7.235
4/24/1997,7.285
4/25/1997,7.295
4/28/1997,7.26
4/29/1997,7.115
4/30/1997,7.085
5/1/1997,7.035
5/2/1997,7.02
5/5/1997,7.025
5/6/1997,7.035
5/7/1997,7.115
5/8/1997,7.095
5/9/1997,7.025
5/12/1997,7.015
5/13/1997,7.065
5/14/1997,7.025
5/15/1997,7.025
5/16/1997,7.085
5/19/1997,7.075
5/20/1997,7.04
5/21/1997,7.085
5/22/1997,7.115
5/23/1997,7.1
5/26/1997,7.105
5/27/1997,7.155
5/28/1997,7.145
5/29/1997,7.095
5/30/1997,7.015
6/2/1997,6.995
6/3/1997,6.955
6/4/1997,6.965
6/5/1997,6.955
6/6/1997,6.845
6/9/1997,6.895
6/10/1997,6.935
6/11/1997,6.94
6/12/1997,6.855
6/13/1997,6.805
6/16/1997,6.765
6/17/1997,6.795
6/18/1997,6.765
6/19/1997,6.775
6/20/1997,6.755
6/23/1997,6.815
6/24/1997,6.8
6/25/1997,6.825
6/26/1997,6.885
6/27/1997,6.845
6/30/1997,6.885
7/1/1997,6.835
7/2/1997,6.805
7/3/1997,6.705
7/4/1997,6.705
7/7/1997,6.645
7/8/1997,6.645
7/9/1997,6.635
7/10/1997,6.645
7/11/1997,6.615
7/14/1997,6.645
7/15/1997,6.645
7/16/1997,6.575
7/17/1997,6.575
7/18/1997,6.635
7/21/1997,6.645
7/22/1997,6.515
7/23/1997,6.545
7/24/1997,6.565
7/25/1997,6.585
7/28/1997,6.535
7/29/1997,6.515
7/30/1997,6.465
7/31/1997,6.415
8/1/1997,6.585
8/4/1997,6.615
8/5/1997,6.635
8/6/1997,6.615
8/7/1997,6.655
8/8/1997,6.785
8/11/1997,6.775
8/12/1997,6.825
8/13/1997,6.765
8/14/1997,6.685
8/15/1997,6.67
8/18/1997,6.655
8/19/1997,6.645
8/20/1997,6.675
8/21/1997,6.755
8/22/1997,6.785
8/25/1997,6.815
8/26/1997,6.77
8/27/1997,6.785
8/28/1997,6.725
8/29/1997,6.765
9/1/1997,6.765
9/2/1997,6.705
9/3/1997,6.75
9/4/1997,6.755
9/5/1997,6.765
9/8/1997,6.735
9/9/1997,6.745
9/10/1997,6.775
9/11/1997,6.805
9/12/1997,6.695
9/15/1997,6.705
9/16/1997,6.52
9/17/1997,6.525
9/18/1997,6.555
9/19/1997,6.525
9/22/1997,6.495
9/23/1997,6.515
9/24/1997,6.475
9/25/1997,6.555
9/26/1997,6.535
9/29/1997,6.535
9/30/1997,6.545
10/1/1997,6.485
10/2/1997,6.455
10/3/1997,6.435
10/6/1997,6.415
10/7/1997,6.38
10/8/1997,6.545
10/9/1997,6.535
10/10/1997,6.595
10/13/1997,6.605
10/14/1997,6.535
10/15/1997,6.575
10/16/1997,6.565
10/17/1997,6.635
10/20/1997,6.615
10/21/1997,6.605
10/22/1997,6.595
10/23/1997,6.49
10/24/1997,6.465
10/27/1997,6.5
10/28/1997,6.495
10/29/1997,6.395
10/30/1997,6.345
10/31/1997,6.365
11/3/1997,6.415
11/4/1997,6.455
11/5/1997,6.41
11/6/1997,6.38
11/7/1997,6.415
11/10/1997,6.405
11/11/1997,6.405
11/12/1997,6.355
11/13/1997,6.355
11/14/1997,6.365
11/17/1997,6.32
11/18/1997,6.335
11/19/1997,6.295
11/20/1997,6.325
11/21/1997,6.285
11/24/1997,6.315
11/25/1997,6.295
11/26/1997,6.305
11/27/1997,6.305
11/28/1997,6.325
12/1/1997,6.305
12/2/1997,6.305
12/3/1997,6.275
12/4/1997,6.285
12/5/1997,6.355
12/8/1997,6.405
12/9/1997,6.375
12/10/1997,6.335
12/11/1997,6.265
12/12/1997,6.195
12/15/1997,6.255
12/16/1997,6.235
12/17/1997,6.265
12/18/1997,6.21
12/19/1997,6.195
12/22/1997,6.19
12/23/1997,6.185
12/24/1997,6.225
12/25/1997,6.225
12/26/1997,6.225
12/29/1997,6.25
12/30/1997,6.265
12/31/1997,6.215
1/1/1998,6.215
1/2/1998,6.12
1/5/1998,6.005
1/6/1998,5.955
1/7/1998,6.005
1/8/1998,5.975
1/9/1998,5.935
1/12/1998,5.895
1/13/1998,5.945
1/14/1998,5.955
1/15/1998,5.965
1/16/1998,6.025
1/19/1998,6.025
1/20/1998,6.065
1/21/1998,6.025
1/22/1998,6.055
1/23/1998,6.175
1/26/1998,6.105
1/27/1998,6.155
1/28/1998,6.16
1/29/1998,6.04
1/30/1998,5.99
2/2/1998,6.045
2/3/1998,6.015
2/4/1998,6.005
2/5/1998,6.095
2/6/1998,6.075
2/9/1998,6.11
2/10/1998,6.075
2/11/1998,6.025
2/12/1998,6.005
2/13/1998,5.985
2/16/1998,5.985
2/17/1998,5.945
2/18/1998,5.975
2/19/1998,5.995
2/20/1998,6.025
2/23/1998,6.055
2/24/1998,6.13
2/25/1998,6.085
2/26/1998,6.125
2/27/1998,6.105
3/2/1998,6.18
3/3/1998,6.26
3/4/1998,6.205
3/5/1998,6.255
3/6/1998,6.19
3/9/1998,6.14
3/10/1998,6.135
3/11/1998,6.125
3/12/1998,6.065
3/13/1998,6.085
3/16/1998,6.045
3/17/1998,6.075
3/18/1998,6.07
3/19/1998,6.075
3/20/1998,6.055
3/23/1998,6.065
3/24/1998,6.075
3/25/1998,6.145
3/26/1998,6.185
3/27/1998,6.195
3/30/1998,6.215
3/31/1998,6.165
4/1/1998,6.095
4/2/1998,6.075
4/3/1998,6.005
4/6/1998,6.035
4/7/1998,6.055
4/8/1998,6.105
4/9/1998,6.095
4/10/1998,6.095
4/13/1998,6.165
4/14/1998,6.115
4/15/1998,6.095
4/16/1998,6.085
4/17/1998,6.095
4/20/1998,6.155
4/21/1998,6.165
4/22/1998,6.165
4/23/1998,6.185
4/24/1998,6.145
4/27/1998,6.26
4/28/1998,6.295
4/29/1998,6.295
4/30/1998,6.165
5/1/1998,6.155
5/4/1998,6.155
5/5/1998,6.205
5/6/1998,6.155
5/7/1998,6.175
5/8/1998,6.195
5/11/1998,6.245
5/12/1998,6.195
5/13/1998,6.145
5/14/1998,6.195
5/15/1998,6.205
5/18/1998,6.175
5/19/1998,6.175
5/20/1998,6.125
5/21/1998,6.17
5/22/1998,6.165
5/25/1998,6.165
5/26/1998,6.095
5/27/1998,6.115
5/28/1998,6.105
5/29/1998,6.09
6/1/1998,6.065
6/2/1998,6.075
6/3/1998,6.075
6/4/1998,6.125
6/5/1998,6.105
6/8/1998,6.095
6/9/1998,6.115
6/10/1998,6.045
6/11/1998,5.985
6/12/1998,5.975
6/15/1998,5.925
6/16/1998,5.995
6/17/1998,6.075
6/18/1998,6.055
6/19/1998,6.015
6/22/1998,6.015
6/23/1998,6.005
6/24/1998,6.015
6/25/1998,6.015
6/26/1998,6.005
6/29/1998,6.015
6/30/1998,5.995
7/1/1998,5.985
7/2/1998,5.965
7/3/1998,5.965
7/6/1998,5.955
7/7/1998,5.985
7/8/1998,5.99
7/9/1998,5.96
7/10/1998,5.965
7/13/1998,6.035
7/14/1998,6.045
7/15/1998,6.045
7/16/1998,6.055
7/17/1998,6.065
7/20/1998,6.025
7/21/1998,5.995
7/22/1998,6.02
7/23/1998,5.995
7/24/1998,6.015
7/27/1998,6.025
7/28/1998,6.045
7/29/1998,6.075
7/30/1998,6.055
7/31/1998,6.045
8/3/1998,6.005
8/4/1998,5.975
8/5/1998,6.01
8/6/1998,6.025
8/7/1998,5.995
8/10/1998,5.995
8/11/1998,6.01
8/12/1998,6
8/13/1998,6.05
8/14/1998,6.01
8/17/1998,6.03
8/18/1998,6.05
8/19/1998,6.05
8/20/1998,6.05
8/21/1998,6.04
8/24/1998,6.09
8/25/1998,6.06
8/26/1998,6
8/27/1998,5.91
8/28/1998,5.885
8/31/1998,5.805
9/1/1998,5.885
9/2/1998,5.85
9/3/1998,5.8
9/4/1998,5.78
9/7/1998,5.78
9/8/1998,5.78
9/9/1998,5.655
9/10/1998,5.57
9/11/1998,5.65
9/14/1998,5.66
9/15/1998,5.68
9/16/1998,5.66
9/17/1998,5.61
9/18/1998,5.535
9/21/1998,5.54
9/22/1998,5.56
9/23/1998,5.505
9/24/1998,5.425
9/25/1998,5.385
9/28/1998,5.4
9/29/1998,5.37
9/30/1998,5.215
10/1/1998,5.17
10/2/1998,5.17
10/5/1998,5.1
10/6/1998,5.125
10/7/1998,5.29
10/8/1998,5.48
10/9/1998,5.7
10/12/1998,5.7
10/13/1998,5.66
10/14/1998,5.55
10/15/1998,5.43
10/16/1998,5.335
10/19/1998,5.33
10/20/1998,5.405
10/21/1998,5.41
10/22/1998,5.445
10/23/1998,5.55
10/26/1998,5.485
10/27/1998,5.42
10/28/1998,5.38
10/29/1998,5.32
10/30/1998,5.37
11/2/1998,5.565
11/3/1998,5.52
11/4/1998,5.625
11/5/1998,5.635
11/6/1998,5.675
11/9/1998,5.58
11/10/1998,5.54
11/11/1998,5.535
11/12/1998,5.51
11/13/1998,5.55
11/16/1998,5.625
11/17/1998,5.61
11/18/1998,5.59
11/19/1998,5.575
11/20/1998,5.55
11/23/1998,5.605
11/24/1998,5.58
11/25/1998,5.595
11/26/1998,5.59
11/27/1998,5.58
11/30/1998,5.53
12/1/1998,5.49
12/2/1998,5.46
12/3/1998,5.395
12/4/1998,5.48
12/7/1998,5.495
12/8/1998,5.43
12/9/1998,5.42
12/10/1998,5.33
12/11/1998,5.455
12/14/1998,5.42
12/15/1998,5.46
12/16/1998,5.4
12/17/1998,5.43
12/18/1998,5.42
12/21/1998,5.49
12/22/1998,5.54
12/23/1998,5.62
12/24/1998,5.63
12/25/1998,5.64
12/28/1998,5.56
12/29/1998,5.5
12/30/1998,5.46
12/31/1998,5.45
1/1/1999,5.45
1/4/1999,5.43
1/5/1999,5.45
1/6/1999,5.47
1/7/1999,5.53
1/8/1999,5.64
1/11/1999,5.7
1/12/1999,5.62
1/13/1999,5.54
1/14/1999,5.45
1/15/1999,5.52
1/18/1999,5.5
1/19/1999,5.495
1/20/1999,5.52
1/21/1999,5.46
1/22/1999,5.42
1/25/1999,5.42
1/26/1999,5.48
1/27/1999,5.48
1/28/1999,5.44
1/29/1999,5.4
2/1/1999,5.455
2/2/1999,5.53
2/3/1999,5.59
2/4/1999,5.62
2/5/1999,5.68
2/8/1999,5.68
2/9/1999,5.65
2/10/1999,5.69
2/11/1999,5.7
2/12/1999,5.81
2/15/1999,5.83
2/16/1999,5.78
2/17/1999,5.74
2/18/1999,5.8
2/19/1999,5.82
2/22/1999,5.77
2/23/1999,5.84
2/24/1999,5.91
2/25/1999,6.07
2/26/1999,6.03
3/1/1999,6.13
3/2/1999,6.09
3/3/1999,6.14
3/4/1999,6.18
3/5/1999,6.07
3/8/1999,6.05
3/9/1999,5.97
3/10/1999,5.999
3/11/1999,6
3/12/1999,5.96
3/15/1999,5.945
3/16/1999,5.885
3/17/1999,5.91
3/18/1999,5.9
3/19/1999,5.96
3/22/1999,5.975
3/23/1999,5.94
3/24/1999,5.96
3/25/1999,6
3/26/1999,6
3/29/1999,6.05
3/30/1999,5.98
3/31/1999,6.005
4/1/1999,6.038
4/2/1999,5.985
4/5/1999,5.98
4/6/1999,5.9
4/7/1999,5.89
4/8/1999,5.82
4/9/1999,5.83
4/12/1999,5.82
4/13/1999,5.865
4/14/1999,5.89
4/15/1999,5.93
4/16/1999,5.97
4/19/1999,5.895
4/20/1999,5.9
4/21/1999,5.93
4/22/1999,5.99
4/23/1999,5.99
4/26/1999,5.94
4/27/1999,5.945
4/28/1999,5.98
4/29/1999,5.925
4/30/1999,6.06
5/3/1999,6.06
5/4/1999,6.095
5/5/1999,6.075
5/6/1999,6.17
5/7/1999,6.195
5/10/1999,6.18
5/11/1999,6.21
5/12/1999,6.21
5/13/1999,6.12
5/14/1999,6.335
5/17/1999,6.345
5/18/1999,6.365
5/19/1999,6.325
5/20/1999,6.355
5/21/1999,6.31
5/24/1999,6.29
5/25/1999,6.28
5/26/1999,6.345
5/27/1999,6.4
5/28/1999,6.41
5/31/1999,6.415
6/1/1999,6.55
6/2/1999,6.56
6/3/1999,6.595
6/4/1999,6.59
6/7/1999,6.585
6/8/1999,6.61
6/9/1999,6.665
6/10/1999,6.71
6/11/1999,6.835
6/14/1999,6.805
6/15/1999,6.81
6/16/1999,6.76
6/17/1999,6.61
6/18/1999,6.625
6/21/1999,6.68
6/22/1999,6.73
6/23/1999,6.845
6/24/1999,6.87
6/25/1999,6.855
6/28/1999,6.79
6/29/1999,6.775
6/30/1999,6.62
7/1/1999,6.69
7/2/1999,6.665
7/5/1999,6.66
7/6/1999,6.7
7/7/1999,6.74
7/8/1999,6.665
7/9/1999,6.67
7/12/1999,6.6
7/13/1999,6.59
7/14/1999,6.62
7/15/1999,6.63
7/16/1999,6.56
7/19/1999,6.56
7/20/1999,6.53
7/21/1999,6.55
7/22/1999,6.67
7/23/1999,6.73
7/26/1999,6.84
7/27/1999,6.8
7/28/1999,6.77
7/29/1999,6.86
7/30/1999,6.9
8/2/1999,6.94
8/3/1999,6.985
8/4/1999,6.975
8/5/1999,6.89
8/6/1999,7.09
8/9/1999,7.2
8/10/1999,7.22
8/11/1999,7.16
8/12/1999,7.15
8/13/1999,7.03
8/16/1999,6.96
8/17/1999,6.85
8/18/1999,6.85
8/19/1999,6.85
8/20/1999,6.92
8/23/1999,6.94
8/24/1999,6.84
8/25/1999,6.74
8/26/1999,6.76
8/27/1999,6.88
8/30/1999,6.97
8/31/1999,6.99
9/1/1999,7.015
9/2/1999,7.09
9/3/1999,6.96
9/6/1999,6.965
9/7/1999,7.03
9/8/1999,6.97
9/9/1999,6.99
9/10/1999,6.89
9/13/1999,6.9
9/14/1999,6.92
9/15/1999,6.81
9/16/1999,6.81
9/17/1999,6.8
9/20/1999,6.85
9/21/1999,6.87
9/22/1999,6.85
9/23/1999,6.73
9/24/1999,6.715
9/27/1999,6.75
9/28/1999,6.835
9/29/1999,6.93
9/30/1999,6.85
10/1/1999,6.92
10/4/1999,6.87
10/5/1999,6.965
10/6/1999,6.945
10/7/1999,6.95
10/8/1999,6.94
10/11/1999,6.94
10/12/1999,6.825
10/13/1999,6.98
10/14/1999,7.035
10/15/1999,6.975
10/18/1999,7.06
10/19/1999,7.07
10/20/1999,7.06
10/21/1999,6.995
10/22/1999,7.07
10/25/1999,7.1
10/26/1999,7.1
10/27/1999,7.08
10/28/1999,6.99
10/29/1999,6.86
11/1/1999,6.915
11/2/1999,6.89
11/3/1999,6.86
11/4/1999,6.81
11/5/1999,6.745
11/8/1999,6.76
11/9/1999,6.78
11/10/1999,6.815
11/11/1999,6.72
11/12/1999,6.71
11/15/1999,6.73
11/16/1999,6.735
11/17/1999,6.81
11/18/1999,6.83
11/19/1999,6.86
11/22/1999,6.805
11/23/1999,6.8
11/24/1999,6.89
11/25/1999,6.89
11/26/1999,6.93
11/29/1999,7.02
11/30/1999,6.99
12/1/1999,6.895
12/2/1999,7.04
12/3/1999,6.865
12/6/1999,6.93
12/7/1999,6.9
12/8/1999,6.935
12/9/1999,6.93
12/10/1999,6.88
12/13/1999,6.93
12/14/1999,7.04
12/15/1999,7.07
12/16/1999,7.14
12/17/1999,7.14
12/20/1999,7.19
12/21/1999,7.21
12/22/1999,7.19
12/23/1999,7.22
12/24/1999,7.22
12/27/1999,7.2
12/28/1999,7.21
12/29/1999,7.18
12/30/1999,7.165
12/31/1999,7.17
1/3/2000,7.36
1/4/2000,7.285
1/5/2000,7.37
1/6/2000,7.32
1/7/2000,7.27
1/10/2000,7.31
1/11/2000,7.43
1/12/2000,7.46
1/13/2000,7.4
1/14/2000,7.43
1/17/2000,7.43
1/18/2000,7.5
1/19/2000,7.49
1/20/2000,7.52
1/21/2000,7.48
1/24/2000,7.4
1/25/2000,7.39
1/26/2000,7.37
1/27/2000,7.42
1/28/2000,7.454
1/31/2000,7.51
2/1/2000,7.437
2/2/2000,7.4615
2/3/2000,7.38
2/4/2000,7.46
2/7/2000,7.5095
2/8/2000,7.447
2/9/2000,7.51
2/10/2000,7.61
2/11/2000,7.53
2/14/2000,7.5075
2/15/2000,7.53
2/16/2000,7.547
2/17/2000,7.5575
2/18/2000,7.511
2/21/2000,7.51
2/22/2000,7.395
2/23/2000,7.445
2/24/2000,7.3995
2/25/2000,7.375
2/28/2000,7.453
2/29/2000,7.42
3/1/2000,7.402
3/2/2000,7.39
3/3/2000,7.3655
3/6/2000,7.37
3/7/2000,7.392
3/8/2000,7.402
3/9/2000,7.3825
3/10/2000,7.4335
3/13/2000,7.4435
3/14/2000,7.403
3/15/2000,7.411
3/16/2000,7.3485
3/17/2000,7.282
3/20/2000,7.302
3/21/2000,7.266
3/22/2000,7.309
3/23/2000,7.252
3/24/2000,7.349
3/27/2000,7.3575
3/28/2000,7.382
3/29/2000,7.4055
3/30/2000,7.357
3/31/2000,7.267
4/3/2000,7.2335
4/4/2000,7.171
4/5/2000,7.174
4/6/2000,7.2005
4/7/2000,7.137
4/10/2000,7.151
4/11/2000,7.209
4/12/2000,7.242
4/13/2000,7.1985
4/14/2000,7.193
4/17/2000,7.2515
4/18/2000,7.2295
4/19/2000,7.189
4/20/2000,7.198
4/21/2000,7.213
4/24/2000,7.235
4/25/2000,7.315
4/26/2000,7.326
4/27/2000,7.417
4/28/2000,7.4015
5/1/2000,7.4575
5/2/2000,7.5005
5/3/2000,7.651
5/4/2000,7.713
5/5/2000,7.808
5/8/2000,7.849
5/9/2000,7.805
5/10/2000,7.7625
5/11/2000,7.719
5/12/2000,7.853
5/15/2000,7.818
5/16/2000,7.744
5/17/2000,7.822
5/18/2000,7.871
5/19/2000,7.8215
5/22/2000,7.7695
5/23/2000,7.7655
5/24/2000,7.7635
5/25/2000,7.7035
5/26/2000,7.6435
5/29/2000,7.643
5/30/2000,7.713
5/31/2000,7.631
6/1/2000,7.488
6/2/2000,7.4115
6/5/2000,7.312
6/6/2000,7.3345
6/7/2000,7.395
6/8/2000,7.413
6/9/2000,7.403
6/12/2000,7.328
6/13/2000,7.342
6/14/2000,7.283
6/15/2000,7.251
6/16/2000,7.1675
6/19/2000,7.1925
6/20/2000,7.2555
6/21/2000,7.352
6/22/2000,7.3565
6/23/2000,7.401
6/26/2000,7.332
6/27/2000,7.314
6/28/2000,7.326
6/29/2000,7.271
6/30/2000,7.264
7/3/2000,7.212
7/4/2000,7.211
7/5/2000,7.149
7/6/2000,7.222
7/7/2000,7.1715
7/10/2000,7.204
7/11/2000,7.229
7/12/2000,7.248
7/13/2000,7.166
7/14/2000,7.2785
7/17/2000,7.345
7/18/2000,7.3525
7/19/2000,7.3895
7/20/2000,7.1975
7/21/2000,7.1975
7/24/2000,7.236
7/25/2000,7.2345
7/26/2000,7.2145
7/27/2000,7.196
7/28/2000,7.246
7/31/2000,7.256
8/1/2000,7.211
8/2/2000,7.19
8/3/2000,7.155
8/4/2000,7.106
8/7/2000,7.112
8/8/2000,7.0665
8/9/2000,7.061
8/10/2000,7.0255
8/11/2000,7.074
8/14/2000,7.03
8/15/2000,7.052
8/16/2000,7.088
8/17/2000,7.062
8/18/2000,7.058
8/21/2000,7.071
8/22/2000,7.052
8/23/2000,6.992
8/24/2000,6.972
8/25/2000,6.984
8/28/2000,7.018
8/29/2000,7.06
8/30/2000,7.069
8/31/2000,6.997
9/1/2000,6.921
9/4/2000,6.9295
9/5/2000,6.933
9/6/2000,6.99
9/7/2000,7.03
9/8/2000,7.027
9/11/2000,7.036
9/12/2000,7.037
9/13/2000,6.971
9/14/2000,7.024
9/15/2000,7.036
9/18/2000,7.022
9/19/2000,7.034
9/20/2000,7.071
9/21/2000,7.003
9/22/2000,6.989
9/25/2000,6.976
9/26/2000,6.942
9/27/2000,6.961
9/28/2000,6.933
9/29/2000,6.916
10/2/2000,6.932
10/3/2000,6.934
10/4/2000,6.993
10/5/2000,6.982
10/6/2000,6.971
10/9/2000,6.987
10/10/2000,7.003
10/11/2000,6.978
10/12/2000,6.942
10/13/2000,6.918
10/16/2000,6.91
10/17/2000,6.86
10/18/2000,6.881
10/19/2000,6.795
10/20/2000,6.763
10/23/2000,6.707
10/24/2000,6.749
10/25/2000,6.801
10/26/2000,6.813
10/27/2000,6.856
10/30/2000,6.862
10/31/2000,6.872
11/1/2000,6.85
11/2/2000,6.831
11/3/2000,6.907
11/6/2000,6.93
11/7/2000,6.963
11/8/2000,6.965
11/9/2000,6.919
11/10/2000,6.924
11/13/2000,6.891
11/14/2000,6.893
11/15/2000,6.8385
11/16/2000,6.829
11/17/2000,6.842
11/20/2000,6.828
11/21/2000,6.833
11/22/2000,6.809
11/23/2000,6.809
11/24/2000,6.798
11/27/2000,6.787
11/28/2000,6.751
11/29/2000,6.686
11/30/2000,6.649
12/1/2000,6.661
12/4/2000,6.675
12/5/2000,6.517
12/6/2000,6.392
12/7/2000,6.353
12/8/2000,6.317
12/11/2000,6.363
12/12/2000,6.366
12/13/2000,6.25
12/14/2000,6.188
12/15/2000,6.143
12/18/2000,6.119
12/19/2000,6.17
12/20/2000,6.04
12/21/2000,6.039
12/22/2000,6.025
12/25/2000,6.0495
12/26/2000,6.074
12/27/2000,6.137
12/28/2000,6.155
12/29/2000,6.133
1/1/2001,6.0135
1/2/2001,5.894
1/3/2001,6.102
1/4/2001,5.951
1/5/2001,5.77
1/8/2001,5.789
1/9/2001,5.818
1/10/2001,5.973
1/11/2001,5.99
1/12/2001,6.14
1/15/2001,6.1445
1/16/2001,6.149
1/17/2001,6.077
1/18/2001,5.995
1/19/2001,6.056
1/22/2001,6.123
1/23/2001,6.197
1/24/2001,6.213
1/25/2001,6.125
1/26/2001,6.129
1/29/2001,6.173
1/30/2001,6.069
1/31/2001,5.908
2/1/2001,5.892
2/2/2001,5.996
2/5/2001,6.029
2/6/2001,6.043
2/7/2001,6.039
2/8/2001,6.022
2/9/2001,5.956
2/12/2001,5.977
2/13/2001,5.999
2/14/2001,6.125
2/15/2001,6.137
2/16/2001,6.054
2/19/2001,6.052
2/20/2001,6.04
2/21/2001,6.076
2/22/2001,6.106
2/23/2001,6.059
2/26/2001,5.998
2/27/2001,5.871
2/28/2001,5.801
3/1/2001,5.777
3/2/2001,5.853
3/5/2001,5.879
3/6/2001,5.884
3/7/2001,5.819
3/8/2001,5.821
3/9/2001,5.882
3/12/2001,5.89
3/13/2001,5.91
3/14/2001,5.814
3/15/2001,5.755
3/16/2001,5.721
3/19/2001,5.764
3/20/2001,5.694
3/21/2001,5.682
3/22/2001,5.671
3/23/2001,5.744
3/26/2001,5.797
3/27/2001,5.961
3/28/2001,5.917
3/29/2001,5.945
3/30/2001,5.848
4/2/2001,5.894
4/3/2001,5.848
4/4/2001,5.839
4/5/2001,5.889
4/6/2001,5.793
4/9/2001,5.824
4/10/2001,5.976
4/11/2001,6.016
4/12/2001,6.061
4/13/2001,6.061
4/16/2001,6.142
4/17/2001,6.107
4/18/2001,5.987
4/19/2001,6.135
4/20/2001,6.122
4/23/2001,6.022
4/24/2001,6.058
4/25/2001,6.107
4/26/2001,6.026
4/27/2001,6.139
4/30/2001,6.152
5/1/2001,6.101
5/2/2001,6.074
5/3/2001,6.008
5/4/2001,5.992
5/7/2001,5.987
5/8/2001,6.022
5/9/2001,5.945
5/10/2001,6.096
5/11/2001,6.275
5/14/2001,6.254
5/15/2001,6.316
5/16/2001,6.2605
5/17/2001,6.183
5/18/2001,6.166
5/21/2001,6.1675
5/22/2001,6.184
5/23/2001,6.19
5/24/2001,6.293
5/25/2001,6.288
5/28/2001,6.286
5/29/2001,6.306
5/30/2001,6.315
5/31/2001,6.1845
6/1/2001,6.153
6/4/2001,6.1245
6/5/2001,6.044
6/6/2001,6.039
6/7/2001,6.1075
6/8/2001,6.142
6/11/2001,6.086
6/12/2001,6.0485
6/13/2001,6.057
6/14/2001,6.024
6/15/2001,6.071
6/18/2001,6.1105
6/19/2001,6.107
6/20/2001,6.055
6/21/2001,6.041
6/22/2001,5.981
6/25/2001,5.983
6/26/2001,6.073
6/27/2001,6.0965
6/28/2001,6.1895
6/29/2001,6.3175
7/2/2001,6.2285
7/3/2001,6.26
7/4/2001,6.258
7/5/2001,6.2685
7/6/2001,6.226
7/9/2001,6.1755
7/10/2001,6.1335
7/11/2001,6.1825
7/12/2001,6.117
7/13/2001,6.096
7/16/2001,6.036
7/17/2001,6.049
7/18/2001,5.923
7/19/2001,5.9255
7/20/2001,5.939
7/23/2001,5.919
7/24/2001,5.922
7/25/2001,5.993
7/26/2001,5.94
7/27/2001,5.899
7/30/2001,5.8795
7/31/2001,5.85
8/1/2001,5.868
8/2/2001,5.949
8/3/2001,5.9675
8/6/2001,5.953
8/7/2001,5.967
8/8/2001,5.837
8/9/2001,5.889
8/10/2001,5.823
8/13/2001,5.792
8/14/2001,5.797
8/15/2001,5.837
8/16/2001,5.791
8/17/2001,5.697
8/20/2001,5.771
8/21/2001,5.715
8/22/2001,5.757
8/23/2001,5.725
8/24/2001,5.769
8/27/2001,5.77
8/28/2001,5.666
8/29/2001,5.561
8/30/2001,5.613
8/31/2001,5.649
9/3/2001,5.647
9/4/2001,5.798
9/5/2001,5.789
9/6/2001,5.662
9/7/2001,5.579
9/10/2001,5.635
9/11/2001,5.56
9/12/2001,5.525
9/13/2001,5.61
9/14/2001,5.392
9/17/2001,5.418
9/18/2001,5.525
9/19/2001,5.45
9/20/2001,5.453
9/21/2001,5.398
9/24/2001,5.41
9/25/2001,5.4
9/26/2001,5.326
9/27/2001,5.228
9/28/2001,5.253
10/1/2001,5.215
10/2/2001,5.192
10/3/2001,5.145
10/4/2001,5.167
10/5/2001,5.183
10/8/2001,5.177
10/9/2001,5.284
10/10/2001,5.297
10/11/2001,5.384
10/12/2001,5.372
10/15/2001,5.307
10/16/2001,5.251
10/17/2001,5.245
10/18/2001,5.257
10/19/2001,5.296
10/22/2001,5.309
10/23/2001,5.319
10/24/2001,5.268
10/25/2001,5.208
10/26/2001,5.187
10/29/2001,5.147
10/30/2001,5.077
10/31/2001,4.899
11/1/2001,4.879
11/2/2001,5.026
11/5/2001,4.949
11/6/2001,4.871
11/7/2001,4.771
11/8/2001,4.887
11/9/2001,4.908
11/12/2001,4.926
11/13/2001,4.966
11/14/2001,5.129
11/15/2001,5.435
11/16/2001,5.516
11/19/2001,5.433
11/20/2001,5.521
11/21/2001,5.631
11/22/2001,5.617
11/23/2001,5.674
11/26/2001,5.685
11/27/2001,5.606
11/28/2001,5.654
11/29/2001,5.505
11/30/2001,5.448
12/3/2001,5.396
12/4/2001,5.35
12/5/2001,5.6
12/6/2001,5.72
12/7/2001,5.885
12/10/2001,5.85
12/11/2001,5.81
12/12/2001,5.74
12/13/2001,5.838
12/14/2001,5.976
12/17/2001,6
12/18/2001,5.92
12/19/2001,5.822
12/20/2001,5.83
12/21/2001,5.88
12/24/2001,5.94
12/25/2001,5.94
12/26/2001,6
12/27/2001,5.863
12/28/2001,5.899
12/31/2001,5.8
1/1/2002,5.794
1/2/2002,5.929
1/3/2002,5.843
1/4/2002,5.849
1/7/2002,5.744
1/8/2002,5.768
1/9/2002,5.739
1/10/2002,5.681
1/11/2002,5.531
1/14/2002,5.535
1/15/2002,5.5
1/16/2002,5.51
1/17/2002,5.64
1/18/2002,5.6
1/21/2002,5.6
1/22/2002,5.611
1/23/2002,5.71
1/24/2002,5.71
1/25/2002,5.772
1/28/2002,5.773
1/29/2002,5.683
1/30/2002,5.736
1/31/2002,5.757
2/1/2002,5.7
2/4/2002,5.625
2/5/2002,5.6225
2/6/2002,5.6505
2/7/2002,5.681
2/8/2002,5.637
2/11/2002,5.65
2/12/2002,5.707
2/13/2002,5.7
2/14/2002,5.65
2/15/2002,5.56
2/18/2002,5.566
2/19/2002,5.582
2/20/2002,5.592
2/21/2002,5.55
2/22/2002,5.545
2/25/2002,5.561
2/26/2002,5.627
2/27/2002,5.51
2/28/2002,5.542
3/1/2002,5.64
3/4/2002,5.66
3/5/2002,5.67
3/6/2002,5.72
3/7/2002,5.91
3/8/2002,6.02
3/11/2002,6.01
3/12/2002,5.99
3/13/2002,5.964
3/14/2002,6.09
3/15/2002,6.01
3/18/2002,5.97
3/19/2002,5.955
3/20/2002,6.073
3/21/2002,6.02
3/22/2002,6.051
3/25/2002,6.05
3/26/2002,5.9825
3/27/2002,6
3/28/2002,6.07
3/29/2002,6.07
4/1/2002,6.093
4/2/2002,5.985
4/3/2002,5.9105
4/4/2002,5.9
4/5/2002,5.828
4/8/2002,5.89
4/9/2002,5.837
4/10/2002,5.868
4/11/2002,5.859
4/12/2002,5.823
4/15/2002,5.805
4/16/2002,5.844
4/17/2002,5.857
4/18/2002,5.824
4/19/2002,5.819
4/22/2002,5.773
4/23/2002,5.763
4/24/2002,5.693
4/25/2002,5.682
4/26/2002,5.635
4/29/2002,5.682
4/30/2002,5.633
5/1/2002,5.599
5/2/2002,5.645
5/3/2002,5.604
5/6/2002,5.625
5/7/2002,5.597
5/8/2002,5.775
5/9/2002,5.725
5/10/2002,5.671
5/13/2002,5.775
5/14/2002,5.808
5/15/2002,5.773
5/16/2002,5.685
5/17/2002,5.778
5/20/2002,5.703
5/21/2002,5.64
5/22/2002,5.62
5/23/2002,5.66
5/24/2002,5.64
5/27/2002,5.64
5/28/2002,5.613
5/29/2002,5.55
5/30/2002,5.512
5/31/2002,5.545
6/3/2002,5.51
6/4/2002,5.537
6/5/2002,5.551
6/6/2002,5.5
6/7/2002,5.6
6/10/2002,5.578
6/11/2002,5.5
6/12/2002,5.5
6/13/2002,5.44
6/14/2002,5.339
6/17/2002,5.39
6/18/2002,5.383
6/19/2002,5.25
6/20/2002,5.308
6/21/2002,5.2705
6/24/2002,5.35
6/25/2002,5.347
6/26/2002,5.262
6/27/2002,5.358
6/28/2002,5.348
7/1/2002,5.3
7/2/2002,5.259
7/3/2002,5.285
7/4/2002,5.297
7/5/2002,5.395
7/8/2002,5.34
7/9/2002,5.265
7/10/2002,5.13
7/11/2002,5.15
7/12/2002,5.095
7/15/2002,5.14
7/16/2002,5.215
7/17/2002,5.225
7/18/2002,5.155
7/19/2002,5.0565
7/22/2002,4.985
7/23/2002,4.97
7/24/2002,5.035
7/25/2002,5.005
7/26/2002,5.035
7/29/2002,5.19
7/30/2002,5.2325
7/31/2002,5.081
8/1/2002,5.01
8/2/2002,4.915
8/5/2002,4.835
8/6/2002,4.9485
8/7/2002,4.9055
8/8/2002,4.948
8/9/2002,4.818
8/12/2002,4.765
8/13/2002,4.635
8/14/2002,4.655
8/15/2002,4.72
8/16/2002,4.895
8/19/2002,4.86
8/20/2002,4.708
8/21/2002,4.74
8/22/2002,4.8505
8/23/2002,4.755
8/26/2002,4.735
8/27/2002,4.805
8/28/2002,4.736
8/29/2002,4.655
8/30/2002,4.675
9/2/2002,4.645
9/3/2002,4.5015
9/4/2002,4.503
9/5/2002,4.475
9/6/2002,4.575
9/9/2002,4.625
9/10/2002,4.57
9/11/2002,4.61
9/12/2002,4.515
9/13/2002,4.455
9/16/2002,4.4525
9/17/2002,4.365
9/18/2002,4.38
9/19/2002,4.33
9/20/2002,4.375
9/23/2002,4.315
9/24/2002,4.285
9/25/2002,4.385
9/26/2002,4.375
9/27/2002,4.294
9/30/2002,4.25
10/1/2002,4.355
10/2/2002,4.289
10/3/2002,4.315
10/4/2002,4.325
10/7/2002,4.29
10/8/2002,4.305
10/9/2002,4.257
10/10/2002,4.335
10/11/2002,4.425
10/14/2002,4.435
10/15/2002,4.604
10/16/2002,4.655
10/17/2002,4.81
10/18/2002,4.725
10/21/2002,4.87
10/22/2002,4.895
10/23/2002,4.8585
10/24/2002,4.72
10/25/2002,4.6775
10/28/2002,4.665
10/29/2002,4.515
10/30/2002,4.525
10/31/2002,4.4555
11/1/2002,4.56
11/4/2002,4.59
11/5/2002,4.61
11/6/2002,4.53
11/7/2002,4.335
11/8/2002,4.295
11/11/2002,4.305
11/12/2002,4.34
11/13/2002,4.334
11/14/2002,4.56
11/15/2002,4.525
11/18/2002,4.46
11/19/2002,4.445
11/20/2002,4.516
11/21/2002,4.615
11/22/2002,4.665
11/25/2002,4.65
11/26/2002,4.542
11/27/2002,4.735
11/28/2002,4.745
11/29/2002,4.715
12/2/2002,4.695
12/3/2002,4.646
12/4/2002,4.615
12/5/2002,4.5895
12/6/2002,4.5425
12/9/2002,4.489
12/10/2002,4.495
12/11/2002,4.475
12/12/2002,4.475
12/13/2002,4.527
12/16/2002,4.6095
12/17/2002,4.575
12/18/2002,4.485
12/19/2002,4.396
12/20/2002,4.414
12/23/2002,4.424
12/24/2002,4.395
12/25/2002,4.395
12/26/2002,4.355
12/27/2002,4.255
12/30/2002,4.245
12/31/2002,4.225
1/1/2003,4.225
1/2/2003,4.485
1/3/2003,4.477
1/6/2003,4.495
1/7/2003,4.4355
1/8/2003,4.464
1/9/2003,4.6305
1/10/2003,4.585
1/13/2003,4.585
1/14/2003,4.519
1/15/2003,4.492
1/16/2003,4.514
1/17/2003,4.445
1/20/2003,4.455
1/21/2003,4.395
1/22/2003,4.3545
1/23/2003,4.375
1/24/2003,4.375
1/27/2003,4.406
1/28/2003,4.425
1/29/2003,4.475
1/30/2003,4.405
1/31/2003,4.407
2/3/2003,4.445
2/4/2003,4.374
2/5/2003,4.439
2/6/2003,4.391
2/7/2003,4.375
2/10/2003,4.403
2/11/2003,4.385
2/12/2003,4.345
2/13/2003,4.295
2/14/2003,4.375
2/17/2003,4.375
2/18/2003,4.355
2/19/2003,4.295
2/20/2003,4.275
2/21/2003,4.295
2/24/2003,4.245
2/25/2003,4.225
2/26/2003,4.174
2/27/2003,4.15
2/28/2003,4.105
3/3/2003,4.0925
3/4/2003,4.065
3/5/2003,4.047
3/6/2003,4.085
3/7/2003,4.065
3/10/2003,3.994
3/11/2003,4.013
3/12/2003,4.013
3/13/2003,4.1855
3/14/2003,4.145
3/17/2003,4.295
3/18/2003,4.355
3/19/2003,4.4445
3/20/2003,4.425
3/21/2003,4.575
3/24/2003,4.425
3/25/2003,4.395
3/26/2003,4.3805
3/27/2003,4.365
3/28/2003,4.342
3/31/2003,4.235
4/1/2003,4.25
4/2/2003,4.375
4/3/2003,4.354
4/4/2003,4.386
4/7/2003,4.399
4/8/2003,4.345
4/9/2003,4.305
4/10/2003,4.345
4/11/2003,4.385
4/14/2003,4.425
4/15/2003,4.378
4/16/2003,4.343
4/17/2003,4.355
4/18/2003,4.355
4/21/2003,4.385
4/22/2003,4.355
4/23/2003,4.355
4/24/2003,4.302
4/25/2003,4.265
4/28/2003,4.275
4/29/2003,4.305
4/30/2003,4.185
5/1/2003,4.205
5/2/2003,4.285
5/5/2003,4.255
5/6/2003,4.135
5/7/2003,4.014
5/8/2003,4.0185
5/9/2003,4.015
5/12/2003,3.975
5/13/2003,3.925
5/14/2003,3.833
5/15/2003,3.845
5/16/2003,3.725
5/19/2003,3.809
5/20/2003,3.6755
5/21/2003,3.726
5/22/2003,3.6535
5/23/2003,3.675
5/26/2003,3.675
5/27/2003,3.7845
5/28/2003,3.785
5/29/2003,3.695
5/30/2003,3.723
6/2/2003,3.765
6/3/2003,3.675
6/4/2003,3.645
6/5/2003,3.685
6/6/2003,3.695
6/9/2003,3.614
6/10/2003,3.521
6/11/2003,3.544
6/12/2003,3.495
6/13/2003,3.46
6/16/2003,3.515
6/17/2003,3.625
6/18/2003,3.731
6/19/2003,3.705
6/20/2003,3.7435
6/23/2003,3.675
6/24/2003,3.604
6/25/2003,3.755
6/26/2003,3.8865
6/27/2003,3.888
6/30/2003,3.855
7/1/2003,3.9
7/2/2003,3.895
7/3/2003,4.015
7/4/2003,3.995
7/7/2003,4.085
7/8/2003,4.075
7/9/2003,4.045
7/10/2003,4.025
7/11/2003,3.994
7/14/2003,4.096
7/15/2003,4.373
7/16/2003,4.304
7/17/2003,4.305
7/18/2003,4.395
7/21/2003,4.6075
7/22/2003,4.535
7/23/2003,4.515
7/24/2003,4.575
7/25/2003,4.595
7/28/2003,4.735
7/29/2003,4.945
7/30/2003,4.805
7/31/2003,4.995
8/1/2003,5.078
8/4/2003,4.925
8/5/2003,4.965
8/6/2003,4.775
8/7/2003,4.695
8/8/2003,4.695
8/11/2003,4.8285
8/12/2003,4.9055
8/13/2003,5.086
8/14/2003,4.845
8/15/2003,4.985
8/18/2003,4.925
8/19/2003,4.815
8/20/2003,4.895
8/21/2003,4.95
8/22/2003,4.965
8/25/2003,5.032
8/26/2003,4.985
8/27/2003,5.045
8/28/2003,4.925
8/29/2003,4.955
9/1/2003,4.955
9/2/2003,5.115
9/3/2003,5.105
9/4/2003,5.015
9/5/2003,4.821
9/8/2003,4.8895
9/9/2003,4.815
9/10/2003,4.715
9/11/2003,4.745
9/12/2003,4.687
9/15/2003,4.705
9/16/2003,4.715
9/17/2003,4.595
9/18/2003,4.5835
9/19/2003,4.575
9/22/2003,4.635
9/23/2003,4.615
9/24/2003,4.539
9/25/2003,4.485
9/26/2003,4.4145
9/29/2003,4.493
9/30/2003,4.366
10/1/2003,4.374
10/2/2003,4.445
10/3/2003,4.658
10/6/2003,4.615
10/7/2003,4.695
10/8/2003,4.675
10/9/2003,4.735
10/10/2003,4.695
10/13/2003,4.695
10/14/2003,4.7725
10/15/2003,4.825
10/16/2003,4.912
10/17/2003,4.831
10/20/2003,4.798
10/21/2003,4.755
10/22/2003,4.668
10/23/2003,4.75
10/24/2003,4.645
10/27/2003,4.675
10/28/2003,4.595
10/29/2003,4.705
10/30/2003,4.757
10/31/2003,4.714
11/3/2003,4.76
11/4/2003,4.713
11/5/2003,4.765
11/6/2003,4.825
11/7/2003,4.865
11/10/2003,4.875
11/11/2003,4.865
11/12/2003,4.825
11/13/2003,4.669
11/14/2003,4.61
11/17/2003,4.585
11/18/2003,4.5335
11/19/2003,4.625
11/20/2003,4.546
11/21/2003,4.555
11/24/2003,4.625
11/25/2003,4.575
11/26/2003,4.635
11/27/2003,4.63
11/28/2003,4.705
12/1/2003,4.795
12/2/2003,4.788
12/3/2003,4.806
12/4/2003,4.764
12/5/2003,4.615
12/8/2003,4.655
12/9/2003,4.7465
12/10/2003,4.698
12/11/2003,4.597
12/12/2003,4.6135
12/15/2003,4.631
12/16/2003,4.576
12/17/2003,4.5465
12/18/2003,4.495
12/19/2003,4.515
12/22/2003,4.555
12/23/2003,4.655
12/24/2003,4.635
12/25/2003,4.575
12/26/2003,4.545
12/29/2003,4.635
12/30/2003,4.648
12/31/2003,4.645
1/1/2004,4.645
1/2/2004,4.775
1/5/2004,4.765
1/6/2004,4.645
1/7/2004,4.6265
1/8/2004,4.635
1/9/2004,4.455
1/12/2004,4.455
1/13/2004,4.3775
1/14/2004,4.365
1/15/2004,4.345
1/16/2004,4.395
1/19/2004,4.385
1/20/2004,4.425
1/21/2004,4.387
1/22/2004,4.319
1/23/2004,4.445
1/26/2004,4.5155
1/27/2004,4.453
1/28/2004,4.5845
1/29/2004,4.5655
1/30/2004,4.525
2/2/2004,4.545
2/3/2004,4.488
2/4/2004,4.505
2/5/2004,4.575
2/6/2004,4.485
2/9/2004,4.463
2/10/2004,4.52
2/11/2004,4.425
2/12/2004,4.455
2/13/2004,4.41
2/16/2004,4.41
2/17/2004,4.4055
2/18/2004,4.415
2/19/2004,4.399
2/20/2004,4.487
2/23/2004,4.43
2/24/2004,4.417
2/25/2004,4.406
2/26/2004,4.435
2/27/2004,4.3745
3/1/2004,4.385
3/2/2004,4.445
3/3/2004,4.455
3/4/2004,4.417
3/5/2004,4.2435
3/8/2004,4.155
3/9/2004,4.095
3/10/2004,4.101
3/11/2004,4.065
3/12/2004,4.145
3/15/2004,4.134
3/16/2004,4.055
3/17/2004,4.072
3/18/2004,4.125
3/19/2004,4.145
3/22/2004,4.078
3/23/2004,4.0625
3/24/2004,4.085
3/25/2004,4.118
3/26/2004,4.204
3/29/2004,4.278
3/30/2004,4.284
3/31/2004,4.227
4/1/2004,4.276
4/2/2004,4.56
4/5/2004,4.631
4/6/2004,4.5715
4/7/2004,4.567
4/8/2004,4.615
4/9/2004,4.605
4/12/2004,4.644
4/13/2004,4.766
4/14/2004,4.794
4/15/2004,4.844
4/16/2004,4.778
4/19/2004,4.826
4/20/2004,4.912
4/21/2004,4.865
4/22/2004,4.821
4/23/2004,4.904
4/26/2004,4.8885
4/27/2004,4.8375
4/28/2004,4.949
4/29/2004,5.015
4/30/2004,4.985
5/3/2004,4.995
5/4/2004,5.0585
5/5/2004,5.096
5/6/2004,5.13
5/7/2004,5.3205
5/10/2004,5.339
5/11/2004,5.2855
5/12/2004,5.328
5/13/2004,5.3815
5/14/2004,5.283
5/17/2004,5.181
5/18/2004,5.222
5/19/2004,5.27
5/20/2004,5.199
5/21/2004,5.253
5/24/2004,5.229
5/25/2004,5.224
5/26/2004,5.151
5/27/2004,5.085
5/28/2004,5.132
5/31/2004,5.135
6/1/2004,5.191
6/2/2004,5.23
6/3/2004,5.207
6/4/2004,5.269
6/7/2004,5.245
6/8/2004,5.242
6/9/2004,5.29
6/10/2004,5.282
6/11/2004,5.281
6/14/2004,5.369
6/15/2004,5.165
6/16/2004,5.206
6/17/2004,5.166
6/18/2004,5.195
6/21/2004,5.177
6/22/2004,5.211
6/23/2004,5.192
6/24/2004,5.143
6/25/2004,5.1265
6/28/2004,5.2325
6/29/2004,5.177
6/30/2004,5.0635
7/1/2004,5.0485
7/2/2004,4.943
7/5/2004,4.938
7/6/2004,4.948
7/7/2004,4.951
7/8/2004,4.9575
7/9/2004,4.943
7/12/2004,4.929
7/13/2004,4.952
7/14/2004,4.968
7/15/2004,4.972
7/16/2004,4.8315
7/19/2004,4.834
7/20/2004,4.9225
7/21/2004,4.955
7/22/2004,4.933
7/23/2004,4.913
7/26/2004,4.9755
7/27/2004,5.108
7/28/2004,5.085
7/29/2004,5.061
7/30/2004,4.962
8/2/2004,4.935
8/3/2004,4.913
8/4/2004,4.905
8/5/2004,4.885
8/6/2004,4.695
8/9/2004,4.735
8/10/2004,4.7725
8/11/2004,4.755
8/12/2004,4.735
8/13/2004,4.685
8/16/2004,4.734
8/17/2004,4.652
8/18/2004,4.695
8/19/2004,4.669
8/20/2004,4.6835
8/23/2004,4.742
8/24/2004,4.735
8/25/2004,4.725
8/26/2004,4.6645
8/27/2004,4.693
8/30/2004,4.635
8/31/2004,4.565
9/1/2004,4.569
9/2/2004,4.673
9/3/2004,4.7705
9/6/2004,4.7705
9/7/2004,4.7055
9/8/2004,4.616
9/9/2004,4.656
9/10/2004,4.635
9/13/2004,4.585
9/14/2004,4.562
9/15/2004,4.604
9/16/2004,4.504
9/17/2004,4.5475
9/20/2004,4.4785
9/21/2004,4.46
9/22/2004,4.3935
9/23/2004,4.428
9/24/2004,4.447
9/27/2004,4.415
9/28/2004,4.415
9/29/2004,4.518
9/30/2004,4.555
10/1/2004,4.636
10/4/2004,4.6175
10/5/2004,4.628
10/6/2004,4.6825
10/7/2004,4.712
10/8/2004,4.565
10/11/2004,4.565
10/12/2004,4.55
10/13/2004,4.496
10/14/2004,4.4475
10/15/2004,4.495
10/18/2004,4.476
10/19/2004,4.466
10/20/2004,4.409
10/21/2004,4.425
10/22/2004,4.395
10/25/2004,4.398
10/26/2004,4.4245
10/27/2004,4.514
10/28/2004,4.4855
10/29/2004,4.4535
11/1/2004,4.513
11/2/2004,4.494
11/3/2004,4.511
11/4/2004,4.505
11/5/2004,4.614
11/8/2004,4.645
11/9/2004,4.6655
11/10/2004,4.672
11/11/2004,4.645
11/12/2004,4.6115
11/15/2004,4.607
11/16/2004,4.6255
11/17/2004,4.5485
11/18/2004,4.518
11/19/2004,4.6155
11/22/2004,4.5635
11/23/2004,4.575
11/24/2004,4.575
11/25/2004,4.585
11/26/2004,4.635
11/29/2004,4.725
11/30/2004,4.763
12/1/2004,4.765
12/2/2004,4.825
12/3/2004,4.665
12/6/2004,4.625
12/7/2004,4.608
12/8/2004,4.5045
12/9/2004,4.564
12/10/2004,4.543
12/13/2004,4.545
12/14/2004,4.5205
12/15/2004,4.4665
12/16/2004,4.5835
12/17/2004,4.5955
12/20/2004,4.585
12/21/2004,4.573
12/22/2004,4.605
12/23/2004,4.625
12/24/2004,4.625
12/27/2004,4.713
12/28/2004,4.711
12/29/2004,4.738
12/30/2004,4.675
12/31/2004,4.639
1/3/2005,4.626
1/4/2005,4.694
1/5/2005,4.6935
1/6/2005,4.678
1/7/2005,4.669
1/10/2005,4.676
1/11/2005,4.641
1/12/2005,4.635
1/13/2005,4.556
1/14/2005,4.607
1/17/2005,4.605
1/18/2005,4.571
1/19/2005,4.5535
1/20/2005,4.543
1/21/2005,4.525
1/24/2005,4.502
1/25/2005,4.5795
1/26/2005,4.576
1/27/2005,4.595
1/28/2005,4.524
1/31/2005,4.5125
2/1/2005,4.5245
2/2/2005,4.5335
2/3/2005,4.5415
2/4/2005,4.465
2/7/2005,4.434
2/8/2005,4.391
2/9/2005,4.352
2/10/2005,4.4495
2/11/2005,4.466
2/14/2005,4.445
2/15/2005,4.4785
2/16/2005,4.535
2/17/2005,4.5555
2/18/2005,4.649
2/21/2005,4.649
2/22/2005,4.6655
2/23/2005,4.649
2/24/2005,4.676
2/25/2005,4.656
2/28/2005,4.7865
3/1/2005,4.778
3/2/2005,4.7995
3/3/2005,4.804
3/4/2005,4.72
3/7/2005,4.709
3/8/2005,4.7965
3/9/2005,4.9545
3/10/2005,4.888
3/11/2005,4.9575
3/14/2005,4.944
3/15/2005,4.974
3/16/2005,4.948
3/17/2005,4.908
3/18/2005,4.9405
3/21/2005,4.961
3/22/2005,5.09
3/23/2005,5.044
3/24/2005,5.04
3/25/2005,5.04
3/28/2005,5.0885
3/29/2005,5.0285
3/30/2005,5.0025
3/31/2005,4.94
4/1/2005,4.913
4/4/2005,4.9315
4/5/2005,4.9325
4/6/2005,4.898
4/7/2005,4.955
4/8/2005,4.955
4/11/2005,4.906
4/12/2005,4.82
4/13/2005,4.822
4/14/2005,4.7785
4/15/2005,4.694
4/18/2005,4.7335
4/19/2005,4.641
4/20/2005,4.621
4/21/2005,4.745
4/22/2005,4.698
4/25/2005,4.6925
4/26/2005,4.7105
4/27/2005,4.669
4/28/2005,4.5765
4/29/2005,4.65
5/2/2005,4.639
5/3/2005,4.613
5/4/2005,4.62
5/5/2005,4.586
5/6/2005,4.698
5/9/2005,4.722
5/10/2005,4.648
5/11/2005,4.658
5/12/2005,4.6195
5/13/2005,4.59
5/16/2005,4.608
5/17/2005,4.5785
5/18/2005,4.5445
5/19/2005,4.5625
5/20/2005,4.574
5/23/2005,4.5
5/24/2005,4.47
5/25/2005,4.508
5/26/2005,4.498
5/27/2005,4.493
5/30/2005,4.495
5/31/2005,4.402
6/1/2005,4.2905
6/2/2005,4.3055
6/3/2005,4.3895
6/6/2005,4.3625
6/7/2005,4.305
6/8/2005,4.3335
6/9/2005,4.3495
6/10/2005,4.4625
6/13/2005,4.509
6/14/2005,4.537
6/15/2005,4.529
6/16/2005,4.485
6/17/2005,4.4775
6/20/2005,4.51
6/21/2005,4.4325
6/22/2005,4.34
6/23/2005,4.353
6/24/2005,4.318
6/27/2005,4.3025
6/28/2005,4.378
6/29/2005,4.397
6/30/2005,4.3345
7/1/2005,4.474
7/4/2005,4.476
7/5/2005,4.544
7/6/2005,4.499
7/7/2005,4.5
7/8/2005,4.5175
7/11/2005,4.524
7/12/2005,4.569
7/13/2005,4.5765
7/14/2005,4.601
7/15/2005,4.5925
7/18/2005,4.657
7/19/2005,4.619
7/20/2005,4.5885
7/21/2005,4.72
7/22/2005,4.6575
7/25/2005,4.6845
7/26/2005,4.6695
7/27/2005,4.696
7/28/2005,4.629
7/29/2005,4.722
8/1/2005,4.7595
8/2/2005,4.7915
8/3/2005,4.7395
8/4/2005,4.761
8/5/2005,4.8415
8/8/2005,4.8865
8/9/2005,4.8435
8/10/2005,4.839
8/11/2005,4.7545
8/12/2005,4.686
8/15/2005,4.726
8/16/2005,4.6535
8/17/2005,4.7145
8/18/2005,4.653
8/19/2005,4.657
8/22/2005,4.6575
8/23/2005,4.624
8/24/2005,4.6115
8/25/2005,4.611
8/26/2005,4.624
8/29/2005,4.609
8/30/2005,4.532
8/31/2005,4.448
9/1/2005,4.4685
9/2/2005,4.483
9/5/2005,4.475
9/6/2005,4.523
9/7/2005,4.577
9/8/2005,4.5805
9/9/2005,4.5475
9/12/2005,4.598
9/13/2005,4.5565
9/14/2005,4.59
9/15/2005,4.6415
9/16/2005,4.7185
9/19/2005,4.689
9/20/2005,4.6905
9/21/2005,4.6075
9/22/2005,4.6135
9/23/2005,4.6965
9/26/2005,4.7485
9/27/2005,4.734
9/28/2005,4.709
9/29/2005,4.752
9/30/2005,4.7875
10/3/2005,4.859
10/4/2005,4.839
10/5/2005,4.808
10/6/2005,4.86
10/7/2005,4.8255
10/10/2005,4.821
10/11/2005,4.8615
10/12/2005,4.919
10/13/2005,4.9425
10/14/2005,4.966
10/17/2005,4.9775
10/18/2005,4.9495
10/19/2005,4.9445
10/20/2005,4.9215
10/21/2005,4.869
10/24/2005,4.935
10/25/2005,5.026
10/26/2005,5.091
10/27/2005,5.049
10/28/2005,5.0745
10/31/2005,5.075
11/1/2005,5.0855
11/2/2005,5.133
11/3/2005,5.2045
11/4/2005,5.216
11/7/2005,5.1725
11/8/2005,5.0925
11/9/2005,5.1865
11/10/2005,5.087
11/11/2005,5.105
11/14/2005,5.1595
11/15/2005,5.1085
11/16/2005,5.0125
11/17/2005,5.0045
11/18/2005,5.0425
11/21/2005,5.006
11/22/2005,4.9675
11/23/2005,5.01
11/24/2005,5.008
11/25/2005,4.974
11/28/2005,4.9385
11/29/2005,5.0245
11/30/2005,5.0445
12/1/2005,5.0825
12/2/2005,5.079
12/5/2005,5.131
12/6/2005,5.0445
12/7/2005,5.0795
12/8/2005,5.0235
12/9/2005,5.091
12/12/2005,5.1115
12/13/2005,5.0725
12/14/2005,5.0025
12/15/2005,5.007
12/16/2005,4.9795
12/19/2005,4.9835
12/20/2005,5.011
12/21/2005,5.0385
12/22/2005,4.981
12/23/2005,4.923
12/26/2005,4.925
12/27/2005,4.8825
12/28/2005,4.9175
12/29/2005,4.9105
12/30/2005,4.944
1/2/2006,4.944
1/3/2006,4.915
1/4/2006,4.889
1/5/2006,4.8895
1/6/2006,4.8895
1/9/2006,4.8735
1/10/2006,4.9445
1/11/2006,4.963
1/12/2006,4.91
1/13/2006,4.861
1/16/2006,4.862
1/17/2006,4.833
1/18/2006,4.834
1/19/2006,4.877
1/20/2006,4.8455
1/23/2006,4.854
1/24/2006,4.8975
1/25/2006,4.9915
1/26/2006,5.0275
1/27/2006,5.0255
1/30/2006,5.051
1/31/2006,5.0315
2/1/2006,5.0815
2/2/2006,5.0805
2/3/2006,5.04
2/6/2006,5.063
2/7/2006,5.0835
2/8/2006,5.1005
2/9/2006,5.0795
2/10/2006,5.123
2/13/2006,5.109
2/14/2006,5.14
2/15/2006,5.131
2/16/2006,5.115
2/17/2006,5.067
2/20/2006,5.067
2/21/2006,5.1015
2/22/2006,5.0545
2/23/2006,5.0855
2/24/2006,5.101
2/27/2006,5.1155
2/28/2006,5.073
3/1/2006,5.1225
3/2/2006,5.1695
3/3/2006,5.232
3/6/2006,5.3075
3/7/2006,5.2805
3/8/2006,5.2725
3/9/2006,5.2645
3/10/2006,5.2955
3/13/2006,5.3135
3/14/2006,5.2235
3/15/2006,5.2655
3/16/2006,5.176
3/17/2006,5.212
3/20/2006,5.1925
3/21/2006,5.254
3/22/2006,5.2365
3/23/2006,5.2725
3/24/2006,5.2005
3/27/2006,5.2355
3/28/2006,5.315
3/29/2006,5.3375
3/30/2006,5.4005
3/31/2006,5.39
4/3/2006,5.4075
4/4/2006,5.407
4/5/2006,5.3835
4/6/2006,5.4425
4/7/2006,5.5275
4/10/2006,5.498
4/11/2006,5.46
4/12/2006,5.5255
4/13/2006,5.595
4/14/2006,5.596
4/17/2006,5.5525
4/18/2006,5.5135
4/19/2006,5.552
4/20/2006,5.572
4/21/2006,5.5325
4/24/2006,5.495
4/25/2006,5.5915
4/26/2006,5.625
4/27/2006,5.5835
4/28/2006,5.568
5/1/2006,5.6505
5/2/2006,5.627
5/3/2006,5.6695
5/4/2006,5.682
5/5/2006,5.6255
5/8/2006,5.63
5/9/2006,5.632
5/10/2006,5.6305
5/11/2006,5.6535
5/12/2006,5.7225
5/15/2006,5.6715
5/16/2006,5.6115
5/17/2006,5.6715
5/18/2006,5.588
5/19/2006,5.5965
5/22/2006,5.5905
5/23/2006,5.575
5/24/2006,5.588
5/25/2006,5.624
5/26/2006,5.602
5/29/2006,5.596
5/30/2006,5.6315
5/31/2006,5.684
6/1/2006,5.663
6/2/2006,5.545
6/5/2006,5.5715
6/6/2006,5.5535
6/7/2006,5.5775
6/8/2006,5.5565
6/9/2006,5.535
6/12/2006,5.541
6/13/2006,5.5235
6/14/2006,5.629
6/15/2006,5.6705
6/16/2006,5.703
6/19/2006,5.716
6/20/2006,5.7255
6/21/2006,5.7335
6/22/2006,5.796
6/23/2006,5.815
6/26/2006,5.8265
6/27/2006,5.787
6/28/2006,5.8365
6/29/2006,5.7835
6/30/2006,5.7295
7/3/2006,5.748
7/4/2006,5.749
7/5/2006,5.828
7/6/2006,5.7915
7/7/2006,5.741
7/10/2006,5.7315
7/11/2006,5.7055
7/12/2006,5.703
7/13/2006,5.671
7/14/2006,5.6725
7/17/2006,5.672
7/18/2006,5.744
7/19/2006,5.6565
7/20/2006,5.617
7/21/2006,5.63
7/24/2006,5.6265
7/25/2006,5.643
7/26/2006,5.6085
7/27/2006,5.6085
7/28/2006,5.564
7/31/2006,5.543
8/1/2006,5.5415
8/2/2006,5.527
8/3/2006,5.527
8/4/2006,5.4565
8/7/2006,5.4745
8/8/2006,5.4645
8/9/2006,5.477
8/10/2006,5.486
8/11/2006,5.5225
8/14/2006,5.5525
8/15/2006,5.48
8/16/2006,5.4
8/17/2006,5.3915
8/18/2006,5.372
8/21/2006,5.348
8/22/2006,5.347
8/23/2006,5.359
8/24/2006,5.3555
8/25/2006,5.335
8/28/2006,5.3495
8/29/2006,5.33
8/30/2006,5.3135
8/31/2006,5.2875
9/1/2006,5.281
9/4/2006,5.276
9/5/2006,5.3155
9/6/2006,5.3275
9/7/2006,5.3155
9/8/2006,5.307
9/11/2006,5.335
9/12/2006,5.305
9/13/2006,5.2915
9/14/2006,5.327
9/15/2006,5.3365
9/18/2006,5.355
9/19/2006,5.283
9/20/2006,5.277
9/21/2006,5.1775
9/22/2006,5.1255
9/25/2006,5.07
9/26/2006,5.118
9/27/2006,5.126
9/28/2006,5.145
9/29/2006,5.169
10/2/2006,5.1475
10/3/2006,5.1545
10/4/2006,5.095
10/5/2006,5.145
10/6/2006,5.238
10/9/2006,5.239
10/10/2006,5.31
10/11/2006,5.333
10/12/2006,5.328
10/13/2006,5.3535
10/16/2006,5.3215
10/17/2006,5.309
10/18/2006,5.2948
10/19/2006,5.3265
10/20/2006,5.3273
10/23/2006,5.3706
10/24/2006,5.3588
10/25/2006,5.2967
10/26/2006,5.2475
10/27/2006,5.2015
10/30/2006,5.209
10/31/2006,5.1323
11/1/2006,5.0915
11/2/2006,5.1235
11/3/2006,5.253
11/6/2006,5.232
11/7/2006,5.188
11/8/2006,5.1615
11/9/2006,5.1534
11/10/2006,5.122
11/13/2006,5.1409
11/14/2006,5.0919
11/15/2006,5.136
11/16/2006,5.1683
11/17/2006,5.0984
11/20/2006,5.0939
11/21/2006,5.0679
11/22/2006,5.05
11/23/2006,5.05
11/24/2006,5.0415
11/27/2006,5.0164
11/28/2006,4.981
11/29/2006,4.9995
11/30/2006,4.939
12/1/2006,4.8995
12/4/2006,4.8834
12/5/2006,4.899
12/6/2006,4.948
12/7/2006,4.9725
12/8/2006,5.0415
12/11/2006,5.0105
12/12/2006,4.968
12/13/2006,5.0485
12/14/2006,5.0677
12/15/2006,5.069
12/18/2006,5.0687
12/19/2006,5.0816
12/20/2006,5.087
12/21/2006,5.0357
12/22/2006,5.1035
12/25/2006,5.113
12/26/2006,5.09
12/27/2006,5.1339
12/28/2006,5.164
12/29/2006,5.177
1/1/2007,5.173
1/2/2007,5.157
1/3/2007,5.1276
1/4/2007,5.0672
1/5/2007,5.0975
1/8/2007,5.1154
1/9/2007,5.1241
1/10/2007,5.1691
1/11/2007,5.2185
1/12/2007,5.264
1/15/2007,5.267
1/16/2007,5.239
1/17/2007,5.2796
1/18/2007,5.233
1/19/2007,5.266
1/22/2007,5.2433
1/23/2007,5.2955
1/24/2007,5.298
1/25/2007,5.3781
1/26/2007,5.3845
1/29/2007,5.417
1/30/2007,5.3994
1/31/2007,5.3313
2/1/2007,5.353
2/2/2007,5.321
2/5/2007,5.2938
2/6/2007,5.256
2/7/2007,5.237
2/8/2007,5.234
2/9/2007,5.2985
2/12/2007,5.3262
2/13/2007,5.3228
2/14/2007,5.2384
2/15/2007,5.2127
2/16/2007,5.2005
2/19/2007,5.2
2/20/2007,5.1831
2/21/2007,5.201
2/22/2007,5.243
2/23/2007,5.195
2/26/2007,5.151
2/27/2007,5.059
2/28/2007,5.1115
3/1/2007,5.095
3/2/2007,5.0645
3/5/2007,5.063
3/6/2007,5.074
3/7/2007,5.027
3/8/2007,5.053
3/9/2007,5.13
3/12/2007,5.0965
3/13/2007,5.038
3/14/2007,5.076
3/15/2007,5.0715
3/16/2007,5.081
3/19/2007,5.099
3/20/2007,5.0845
3/21/2007,5.056
3/22/2007,5.1025
3/23/2007,5.143
3/26/2007,5.137
3/27/2007,5.1315
3/28/2007,5.1555
3/29/2007,5.179
3/30/2007,5.175
4/2/2007,5.172
4/3/2007,5.1985
4/4/2007,5.1885
4/5/2007,5.2145
4/6/2007,5.291
4/9/2007,5.286
4/10/2007,5.259
4/11/2007,5.2695
4/12/2007,5.274
4/13/2007,5.2995
4/16/2007,5.2665
4/17/2007,5.2055
4/18/2007,5.1715
4/19/2007,5.1905
4/20/2007,5.1985
4/23/2007,5.169
4/24/2007,5.144
4/25/2007,5.183
4/26/2007,5.2365
4/27/2007,5.2365
4/30/2007,5.169
5/1/2007,5.181
5/2/2007,5.185
5/3/2007,5.21
5/4/2007,5.1785
5/7/2007,5.17
5/8/2007,5.1745
5/9/2007,5.2085
5/10/2007,5.1805
5/11/2007,5.212
5/14/2007,5.2385
5/15/2007,5.247
5/16/2007,5.254
5/17/2007,5.302
5/18/2007,5.3605
5/21/2007,5.337
5/22/2007,5.3815
5/23/2007,5.407
5/24/2007,5.3965
5/25/2007,5.4155
5/28/2007,5.413
5/29/2007,5.4425
5/30/2007,5.4305
5/31/2007,5.4565
6/1/2007,5.5305
6/4/2007,5.502
6/5/2007,5.569
6/6/2007,5.5445
6/7/2007,5.7445
6/8/2007,5.714
6/11/2007,5.764
6/12/2007,5.932
6/13/2007,5.811
6/14/2007,5.821
6/15/2007,5.761
6/18/2007,5.7205
6/19/2007,5.667
6/20/2007,5.741
6/21/2007,5.8135
6/22/2007,5.7525
6/25/2007,5.712
6/26/2007,5.7075
6/27/2007,5.7015
6/28/2007,5.728
6/29/2007,5.6655
7/2/2007,5.622
7/3/2007,5.66
7/4/2007,5.665
7/5/2007,5.7655
7/6/2007,5.826
7/9/2007,5.788
7/10/2007,5.6965
7/11/2007,5.7515
7/12/2007,5.7815
7/13/2007,5.7455
7/16/2007,5.699
7/17/2007,5.718
7/18/2007,5.703
7/19/2007,5.6845
7/20/2007,5.6385
7/23/2007,5.6405
7/24/2007,5.617
7/25/2007,5.6085
7/26/2007,5.522
7/27/2007,5.5275
7/30/2007,5.552
7/31/2007,5.4915
8/1/2007,5.521
8/2/2007,5.489
8/3/2007,5.4325
8/6/2007,5.455
8/7/2007,5.463
8/8/2007,5.544
8/9/2007,5.464
8/10/2007,5.515
8/13/2007,5.4895
8/14/2007,5.4795
8/15/2007,5.4735
8/16/2007,5.435
8/17/2007,5.435
8/20/2007,5.3845
8/21/2007,5.3335
8/22/2007,5.351
8/23/2007,5.338
8/24/2007,5.274
8/27/2007,5.2445
8/28/2007,5.219
8/29/2007,5.2715
8/30/2007,5.2205
8/31/2007,5.222
9/3/2007,5.22
9/4/2007,5.2575
9/5/2007,5.1605
9/6/2007,5.191
9/7/2007,5.0375
9/10/2007,4.98
9/11/2007,5.028
9/12/2007,5.065
9/13/2007,5.1265
9/14/2007,5.1375
9/17/2007,5.1385
9/18/2007,5.0875
9/19/2007,5.1495
9/20/2007,5.357
9/21/2007,5.2655
9/24/2007,5.2885
9/25/2007,5.287
9/26/2007,5.2685
9/27/2007,5.1905
9/28/2007,5.211
10/1/2007,5.1775
10/2/2007,5.1495
10/3/2007,5.1815
10/4/2007,5.1365
10/5/2007,5.259
10/8/2007,5.265
10/9/2007,5.2795
10/10/2007,5.2655
10/11/2007,5.2385
10/12/2007,5.3005
10/15/2007,5.31
10/16/2007,5.2805
10/17/2007,5.184
10/18/2007,5.132
10/19/2007,5.039
10/22/2007,5.049
10/23/2007,5.0285
10/24/2007,4.9585
10/25/2007,5.0115
10/26/2007,5.046
10/29/2007,5.0165
10/30/2007,5.0145
10/31/2007,5.1085
11/1/2007,5.0045
11/2/2007,5.006
11/5/2007,5.0575
11/6/2007,5.0845
11/7/2007,5.057
11/8/2007,5.031
11/9/2007,4.963
11/12/2007,4.971
11/13/2007,4.9965
11/14/2007,4.9715
11/15/2007,4.8825
11/16/2007,4.9055
11/19/2007,4.853
11/20/2007,4.9115
11/21/2007,4.818
11/22/2007,4.822
11/23/2007,4.766
11/26/2007,4.57
11/27/2007,4.6445
11/28/2007,4.7
11/29/2007,4.6045
11/30/2007,4.592
12/3/2007,4.5295
12/4/2007,4.579
12/5/2007,4.636
12/6/2007,4.6835
12/7/2007,4.8275
12/10/2007,4.884
12/11/2007,4.7065
12/12/2007,4.7875
12/13/2007,4.8585
12/14/2007,4.9175
12/17/2007,4.8205
12/18/2007,4.7815
12/19/2007,4.6675
12/20/2007,4.7035
12/21/2007,4.8265
12/24/2007,4.867
12/25/2007,4.865
12/26/2007,4.929
12/27/2007,4.8675
12/28/2007,4.7265
12/31/2007,4.67
1/1/2008,4.67
1/2/2008,4.5465
1/3/2008,4.538
1/4/2008,4.5015
1/7/2008,4.4495
1/8/2008,4.4055
1/9/2008,4.434
1/10/2008,4.4985
1/11/2008,4.3875
1/14/2008,4.3625
1/15/2008,4.247
1/16/2008,4.3495
1/17/2008,4.237
1/18/2008,4.25
1/21/2008,4.254
1/22/2008,4.0425
1/23/2008,4.2505
1/24/2008,4.3585
1/25/2008,4.1585
1/28/2008,4.1795
1/29/2008,4.2745
1/30/2008,4.2975
1/31/2008,4.2135
2/1/2008,4.2245
2/4/2008,4.2815
2/5/2008,4.21
2/6/2008,4.236
2/7/2008,4.4285
2/8/2008,4.3095
2/11/2008,4.294
2/12/2008,4.3435
2/13/2008,4.429
2/14/2008,4.552
2/15/2008,4.484
2/18/2008,4.488
2/19/2008,4.6605
2/20/2008,4.5935
2/21/2008,4.489
2/22/2008,4.5495
2/25/2008,4.635
2/26/2008,4.563
2/27/2008,4.532
2/28/2008,4.377
2/29/2008,4.2205
3/3/2008,4.2575
3/4/2008,4.373
3/5/2008,4.513
3/6/2008,4.4925
3/7/2008,4.3895
3/10/2008,4.32
3/11/2008,4.346
3/12/2008,4.2095
3/13/2008,4.237
3/14/2008,4.1505
3/17/2008,3.9385
3/18/2008,4.103
3/19/2008,3.9355
3/20/2008,3.96
3/21/2008,3.974
3/24/2008,4.184
3/25/2008,4.132
3/26/2008,4.1165
3/27/2008,4.2135
3/28/2008,4.1055
3/31/2008,4.0705
4/1/2008,4.2015
4/2/2008,4.2695
4/3/2008,4.2585
4/4/2008,4.0975
4/7/2008,4.1605
4/8/2008,4.1975
4/9/2008,4.1255
4/10/2008,4.1825
4/11/2008,4.1085
4/14/2008,4.1935
4/15/2008,4.3015
4/16/2008,4.4155
4/17/2008,4.4325
4/18/2008,4.36
4/21/2008,4.369
4/22/2008,4.319
4/23/2008,4.3705
4/24/2008,4.474
4/25/2008,4.5175
4/28/2008,4.4605
4/29/2008,4.4425
4/30/2008,4.3405
5/1/2008,4.374
5/2/2008,4.4715
5/5/2008,4.4785
5/6/2008,4.5465
5/7/2008,4.4595
5/8/2008,4.3645
5/9/2008,4.3715
5/12/2008,4.3985
5/13/2008,4.551
5/14/2008,4.5375
5/15/2008,4.403
5/16/2008,4.4345
5/19/2008,4.3995
5/20/2008,4.3585
5/21/2008,4.4005
5/22/2008,4.5195
5/23/2008,4.476
5/26/2008,4.461
5/27/2008,4.5575
5/28/2008,4.6485
5/29/2008,4.7185
5/30/2008,4.707
6/2/2008,4.6045
6/3/2008,4.5555
6/4/2008,4.6735
6/5/2008,4.7665
6/6/2008,4.6625
6/9/2008,4.7375
6/10/2008,4.8625
6/11/2008,4.7815
6/12/2008,4.919
6/13/2008,4.9555
6/16/2008,4.9815
6/17/2008,4.8835
6/18/2008,4.7925
6/19/2008,4.8675
6/20/2008,4.863
6/23/2008,4.88
6/24/2008,4.7885
6/25/2008,4.7955
6/26/2008,4.7585
6/27/2008,4.6735
6/30/2008,4.6745
7/1/2008,4.7145
7/2/2008,4.7075
7/3/2008,4.736
7/4/2008,4.742
7/7/2008,4.6875
7/8/2008,4.6255
7/9/2008,4.5415
7/10/2008,4.5125
7/11/2008,4.644
7/14/2008,4.5485
7/15/2008,4.514
7/16/2008,4.644
7/17/2008,4.751
7/18/2008,4.858
7/21/2008,4.7965
7/22/2008,4.8235
7/23/2008,4.8125
7/24/2008,4.679
7/25/2008,4.796
7/28/2008,4.6975
7/29/2008,4.7325
7/30/2008,4.7245
7/31/2008,4.657
8/1/2008,4.658
8/4/2008,4.7105
8/5/2008,4.7565
8/6/2008,4.7915
8/7/2008,4.6865
8/8/2008,4.662
8/11/2008,4.7385
8/12/2008,4.6345
8/13/2008,4.6555
8/14/2008,4.6235
8/15/2008,4.582
8/18/2008,4.585
8/19/2008,4.5825
8/20/2008,4.505
8/21/2008,4.537
8/22/2008,4.584
8/25/2008,4.52
8/26/2008,4.487
8/27/2008,4.465
8/28/2008,4.4605
8/29/2008,4.4835
9/1/2008,4.471
9/2/2008,4.43
9/3/2008,4.3915
9/4/2008,4.304
9/5/2008,4.373
9/8/2008,4.269
9/9/2008,4.202
9/10/2008,4.2455
9/11/2008,4.231
9/12/2008,4.3525
9/15/2008,4.003
9/16/2008,4.088
9/17/2008,4.089
9/18/2008,4.2285
9/19/2008,4.4705
9/22/2008,4.524
9/23/2008,4.5155
9/24/2008,4.566
9/25/2008,4.538
9/26/2008,4.5265
9/29/2008,4.261
9/30/2008,4.492
10/1/2008,4.399
10/2/2008,4.3485
10/3/2008,4.265
10/6/2008,4.0925
10/7/2008,4.125
10/8/2008,4.1795
10/9/2008,4.3915
10/10/2008,4.423
10/13/2008,4.546
10/14/2008,4.66
10/15/2008,4.5355
10/16/2008,4.546
10/17/2008,4.468
10/20/2008,4.2875
10/21/2008,4.1505
10/22/2008,4.01
10/23/2008,4.1065
10/24/2008,4.168
10/27/2008,4.1985
10/28/2008,4.373
10/29/2008,4.3415
10/30/2008,4.4605
10/31/2008,4.4635
11/3/2008,4.445
11/4/2008,4.216
11/5/2008,4.117
11/6/2008,4.1235
11/7/2008,4.2115
11/10/2008,4.18
11/11/2008,4.178
11/12/2008,4.02
11/13/2008,4.177
11/14/2008,4.0715
11/17/2008,3.9835
11/18/2008,3.836
11/19/2008,3.584
11/20/2008,3.143
11/21/2008,3.4215
11/24/2008,3.5445
11/25/2008,3.2535
11/26/2008,3.19
11/27/2008,3.303
11/28/2008,3.1165
12/1/2008,2.945
12/2/2008,2.8925
12/3/2008,2.945
12/4/2008,2.8785
12/5/2008,3.0115
12/8/2008,3.0005
12/9/2008,2.9415
12/10/2008,2.9198
12/11/2008,2.81
12/12/2008,2.753
12/15/2008,2.7345
12/16/2008,2.4135
12/17/2008,2.3765
12/18/2008,2.3278
12/19/2008,2.3985
12/22/2008,2.5015
12/23/2008,2.538
12/24/2008,2.5495
12/25/2008,2.553
12/26/2008,2.5205
12/29/2008,2.481
12/30/2008,2.444
12/31/2008,2.5625
1/1/2009,2.565
1/2/2009,2.7455
1/5/2009,2.8183
1/6/2009,2.7235
1/7/2009,2.705
1/8/2009,2.5885
1/9/2009,2.54
1/12/2009,2.4375
1/13/2009,2.457
1/14/2009,2.3375
1/15/2009,2.371
1/16/2009,2.459
1/19/2009,2.428
1/20/2009,2.509
1/21/2009,2.6515
1/22/2009,2.7395
1/23/2009,2.77
1/26/2009,2.841
1/27/2009,2.739
1/28/2009,2.8825
1/29/2009,3.0895
1/30/2009,3.083
2/2/2009,2.948
2/3/2009,3.107
2/4/2009,3.168
2/5/2009,3.1605
2/6/2009,3.2135
2/9/2009,3.2175
2/10/2009,3.082
2/11/2009,3.0035
2/12/2009,3.0128
2/13/2009,3.141
2/16/2009,3.124
2/17/2009,2.943
2/18/2009,3.032
2/19/2009,3.109
2/20/2009,3.039
2/23/2009,3.008
2/24/2009,3.051
2/25/2009,3.2435
2/26/2009,3.303
2/27/2009,3.329
3/2/2009,3.195
3/3/2009,3.187
3/4/2009,3.2725
3/5/2009,3.086
3/6/2009,3.122
3/9/2009,3.1095
3/10/2009,3.235
3/11/2009,3.104
3/12/2009,3.039
3/13/2009,3.123
3/16/2009,3.166
3/17/2009,3.2235
3/18/2009,2.838
3/19/2009,2.912
3/20/2009,2.9475
3/23/2009,2.928
3/24/2009,2.942
3/25/2009,3.0085
3/26/2009,2.9412
3/27/2009,2.9529
3/30/2009,2.894
3/31/2009,2.8635
4/1/2009,2.8625
4/2/2009,2.948
4/3/2009,3.0717
4/6/2009,3.1338
4/7/2009,3.123
4/8/2009,3.0638
4/9/2009,3.1195
4/10/2009,3.0709
4/13/2009,3.059
4/14/2009,2.9665
4/15/2009,2.929
4/16/2009,2.9878
4/17/2009,3.1125
4/20/2009,3.022
4/21/2009,3.059
4/22/2009,3.0881
4/23/2009,3.0585
4/24/2009,3.146
4/27/2009,3.05
4/28/2009,3.137
4/29/2009,3.2205
4/30/2009,3.2405
5/1/2009,3.303
5/4/2009,3.3025
5/5/2009,3.2981
5/6/2009,3.28
5/7/2009,3.456
5/8/2009,3.405
5/11/2009,3.2995
5/12/2009,3.275
5/13/2009,3.208
5/14/2009,3.1955
5/15/2009,3.231
5/18/2009,3.323
5/19/2009,3.3255
5/20/2009,3.29
5/21/2009,3.4766
5/22/2009,3.5995
5/25/2009,3.592
5/26/2009,3.746
5/27/2009,4.053
5/28/2009,3.88
5/29/2009,3.655
6/1/2009,3.9975
6/2/2009,3.9429
6/3/2009,3.836
6/4/2009,4.0475
6/5/2009,4.2155
6/8/2009,4.3155
6/9/2009,4.2315
6/10/2009,4.3363
6/11/2009,4.21
6/12/2009,4.0738
6/15/2009,3.9495
6/16/2009,3.873
6/17/2009,3.884
6/18/2009,4.093
6/19/2009,4.044
6/22/2009,3.935
6/23/2009,3.8814
6/24/2009,3.921
6/25/2009,3.7535
6/26/2009,3.742
6/29/2009,3.6935
6/30/2009,3.7835
7/1/2009,3.7645
7/2/2009,3.7189
7/3/2009,3.71
7/6/2009,3.711
7/7/2009,3.6475
7/8/2009,3.4725
7/9/2009,3.576
7/10/2009,3.4815
7/13/2009,3.5519
7/14/2009,3.69
7/15/2009,3.8525
7/16/2009,3.7989
7/17/2009,3.886
7/20/2009,3.848
7/21/2009,3.6905
7/22/2009,3.7495
7/23/2009,3.895
7/24/2009,3.8835
7/27/2009,3.9565
7/28/2009,3.9045
7/29/2009,3.8965
7/30/2009,3.8555
7/31/2009,3.7255
8/3/2009,3.8935
8/4/2009,3.9335
8/5/2009,4.0195
8/6/2009,4.044
8/7/2009,4.05
8/10/2009,4.087
8/11/2009,3.948
8/12/2009,3.959
8/13/2009,3.83
8/14/2009,3.7955
8/17/2009,3.6803
8/18/2009,3.764
8/19/2009,3.715
8/20/2009,3.6811
8/21/2009,3.8255
8/24/2009,3.736
8/25/2009,3.69
8/26/2009,3.6695
8/27/2009,3.685
8/28/2009,3.6755
8/31/2009,3.6185
9/1/2009,3.5885
9/2/2009,3.513
9/3/2009,3.546
9/4/2009,3.644
9/7/2009,3.625
9/8/2009,3.676
9/9/2009,3.646
9/10/2009,3.5195
9/11/2009,3.5229
9/14/2009,3.6165
9/15/2009,3.6665
9/16/2009,3.6725
9/17/2009,3.5825
9/18/2009,3.676
9/21/2009,3.6965
9/22/2009,3.6615
9/23/2009,3.6125
9/24/2009,3.57
9/25/2009,3.484
9/28/2009,3.4415
9/29/2009,3.439
9/30/2009,3.461
10/1/2009,3.329
10/2/2009,3.382
10/5/2009,3.392
10/6/2009,3.4324
10/7/2009,3.3625
10/8/2009,3.4084
10/9/2009,3.5605
10/12/2009,3.5565
10/13/2009,3.5145
10/14/2009,3.582
10/15/2009,3.6365
10/16/2009,3.598
10/19/2009,3.5605
10/20/2009,3.5135
10/21/2009,3.5645
10/22/2009,3.599
10/23/2009,3.6705
10/26/2009,3.7495
10/27/2009,3.6295
10/28/2009,3.5838
10/29/2009,3.67
10/30/2009,3.5643
11/2/2009,3.5975
11/3/2009,3.644
11/4/2009,3.694
11/5/2009,3.6925
11/6/2009,3.6565
11/9/2009,3.6365
11/10/2009,3.6159
11/11/2009,3.614
11/12/2009,3.564
11/13/2009,3.536
11/16/2009,3.4315
11/17/2009,3.4185
11/18/2009,3.4545
11/19/2009,3.4365
11/20/2009,3.4815
11/23/2009,3.4625
11/24/2009,3.3975
11/25/2009,3.357
11/26/2009,3.368
11/27/2009,3.293
11/30/2009,3.2965
12/1/2009,3.395
12/2/2009,3.421
12/3/2009,3.501
12/4/2009,3.62
12/7/2009,3.575
12/8/2009,3.5207
12/9/2009,3.5615
12/10/2009,3.6165
12/11/2009,3.6759
12/14/2009,3.6805
12/15/2009,3.7335
12/16/2009,3.7445
12/17/2009,3.6155
12/18/2009,3.6695
12/21/2009,3.823
12/22/2009,3.9195
12/23/2009,3.9053
12/24/2009,3.947
12/25/2009,3.952
12/28/2009,4.005
12/29/2009,3.9478
12/30/2009,3.93
12/31/2009,3.971
1/1/2010,3.974
1/4/2010,3.934
1/5/2010,3.8565
1/6/2010,3.9265
1/7/2010,3.9455
1/8/2010,3.9415
1/11/2010,3.9175
1/12/2010,3.8135
1/13/2010,3.895
1/14/2010,3.839
1/15/2010,3.7895
1/18/2010,3.776
1/19/2010,3.7965
1/20/2010,3.753
1/21/2010,3.696
1/22/2010,3.7345
1/25/2010,3.7415
1/26/2010,3.739
1/27/2010,3.7705
1/28/2010,3.758
1/29/2010,3.709
2/1/2010,3.776
2/2/2010,3.759
2/3/2010,3.814
2/4/2010,3.716
2/5/2010,3.6645
2/8/2010,3.657
2/9/2010,3.742
2/10/2010,3.798
2/11/2010,3.8145
2/12/2010,3.7905
2/15/2010,3.794
2/16/2010,3.7575
2/17/2010,3.8325
2/18/2010,3.91
2/19/2010,3.8815
2/22/2010,3.892
2/23/2010,3.782
2/24/2010,3.7795
2/25/2010,3.7085
2/26/2010,3.702
3/1/2010,3.6865
3/2/2010,3.672
3/3/2010,3.6615
3/4/2010,3.635
3/5/2010,3.725
3/8/2010,3.77
3/9/2010,3.739
3/10/2010,3.752
3/11/2010,3.7655
3/12/2010,3.7485
3/15/2010,3.7335
3/16/2010,3.693
3/17/2010,3.674
3/18/2010,3.7155
3/19/2010,3.736
3/22/2010,3.691
3/23/2010,3.6645
3/24/2010,3.7625
3/25/2010,3.8135
3/26/2010,3.79
3/29/2010,3.822
3/30/2010,3.813
3/31/2010,3.82
4/1/2010,3.8725
4/2/2010,3.9535
4/5/2010,4.019
4/6/2010,3.9335
4/7/2010,3.8305
4/8/2010,3.871
4/9/2010,3.8685
4/12/2010,3.803
4/13/2010,3.768
4/14/2010,3.8225
4/15/2010,3.805
4/16/2010,3.739
4/19/2010,3.7843
4/20/2010,3.79
4/21/2010,3.723
4/22/2010,3.7695
4/23/2010,3.812
4/26/2010,3.813
4/27/2010,3.7015
4/28/2010,3.758
4/29/2010,3.709
4/30/2010,3.659
5/3/2010,3.696
5/4/2010,3.605
5/5/2010,3.5565
5/6/2010,3.4605
5/7/2010,3.4778
5/10/2010,3.574
5/11/2010,3.569
5/12/2010,3.6115
5/13/2010,3.569
5/14/2010,3.493
5/17/2010,3.533
5/18/2010,3.4105
5/19/2010,3.428
5/20/2010,3.2745
5/21/2010,3.2835
5/24/2010,3.283
5/25/2010,3.2495
5/26/2010,3.2765
5/27/2010,3.4493
5/28/2010,3.3705
5/31/2010,3.369
6/1/2010,3.359
6/2/2010,3.438
6/3/2010,3.46
6/4/2010,3.317
6/7/2010,3.26
6/8/2010,3.2915
6/9/2010,3.275
6/10/2010,3.417
6/11/2010,3.3305
6/14/2010,3.3403
6/15/2010,3.38
6/16/2010,3.33
6/17/2010,3.2465
6/18/2010,3.273
6/21/2010,3.269
6/22/2010,3.205
6/23/2010,3.1778
6/24/2010,3.2095
6/25/2010,3.176
6/28/2010,3.079
6/29/2010,3.01
6/30/2010,3.0015
7/1/2010,3.0235
7/2/2010,3.059
7/5/2010,3.063
7/6/2010,3.011
7/7/2010,3.036
7/8/2010,3.087
7/9/2010,3.109
7/12/2010,3.1215
7/13/2010,3.166
7/14/2010,3.0845
7/15/2010,3.0173
7/16/2010,2.944
7/19/2010,2.988
7/20/2010,2.9705
7/21/2010,2.893
7/22/2010,2.944
7/23/2010,3.006
7/26/2010,3
7/27/2010,3.041
7/28/2010,2.968
7/29/2010,2.964
7/30/2010,2.8935
8/2/2010,2.92
8/3/2010,2.874
8/4/2010,2.9255
8/5/2010,2.89
8/6/2010,2.8215
8/9/2010,2.822
8/10/2010,2.7635
8/11/2010,2.6915
8/12/2010,2.748
8/13/2010,2.6525
8/16/2010,2.5585
8/17/2010,2.627
8/18/2010,2.6505
8/19/2010,2.591
8/20/2010,2.6322
8/23/2010,2.616
8/24/2010,2.5158
8/25/2010,2.5525
8/26/2010,2.488
8/27/2010,2.664
8/30/2010,2.5445
8/31/2010,2.482
9/1/2010,2.5808
9/2/2010,2.6255
9/3/2010,2.682
9/6/2010,2.684
9/7/2010,2.555
9/8/2010,2.6205
9/9/2010,2.7373
9/10/2010,2.7808
9/13/2010,2.7295
9/14/2010,2.6605
9/15/2010,2.7165
9/16/2010,2.7765
9/17/2010,2.757
9/20/2010,2.7225
9/21/2010,2.5975
9/22/2010,2.6005
9/23/2010,2.5955
9/24/2010,2.644
9/27/2010,2.5585
9/28/2010,2.4935
9/29/2010,2.5385
9/30/2010,2.574
10/1/2010,2.5895
10/4/2010,2.5532
10/5/2010,2.5685
10/6/2010,2.4955
10/7/2010,2.481
10/8/2010,2.4975
10/11/2010,2.4825
10/12/2010,2.5263
10/13/2010,2.5005
10/14/2010,2.5935
10/15/2010,2.6349
10/18/2010,2.5775
10/19/2010,2.5435
10/20/2010,2.534
10/21/2010,2.6075
10/22/2010,2.624
10/25/2010,2.6463
10/26/2010,2.7295
10/27/2010,2.8045
10/28/2010,2.7415
10/29/2010,2.683
11/1/2010,2.7135
11/2/2010,2.6965
11/3/2010,2.6795
11/4/2010,2.6325
11/5/2010,2.667
11/8/2010,2.693
11/9/2010,2.8315
11/10/2010,2.7905
11/11/2010,2.7565
11/12/2010,2.928
11/15/2010,3.0835
11/16/2010,2.983
11/17/2010,3.0315
11/18/2010,3.041
11/19/2010,3.032
11/22/2010,2.9525
11/23/2010,2.916
11/24/2010,3.0566
11/25/2010,2.914
11/26/2010,3.026
11/29/2010,2.9705
11/30/2010,2.9415
12/1/2010,3.131
12/2/2010,3.1735
12/3/2010,3.161
12/6/2010,3.0875
12/7/2010,3.2795
12/8/2010,3.395
12/9/2010,3.3015
12/10/2010,3.432
12/13/2010,3.3755
12/14/2010,3.573
12/15/2010,3.67
12/16/2010,3.542
12/17/2010,3.428
12/20/2010,3.4258
12/21/2010,3.3906
12/22/2010,3.4325
12/23/2010,3.481
12/24/2010,3.47
12/27/2010,3.4114
12/28/2010,3.556
12/29/2010,3.427
12/30/2010,3.45
12/31/2010,3.377
1/3/2011,3.406
1/4/2011,3.397
1/5/2011,3.5465
1/6/2011,3.4788
1/7/2011,3.406
1/10/2011,3.361
1/11/2011,3.4175
1/12/2011,3.4345
1/13/2011,3.366
1/14/2011,3.3974
1/17/2011,3.3848
1/18/2011,3.434
1/19/2011,3.4095
1/20/2011,3.519
1/21/2011,3.4795
1/24/2011,3.4855
1/25/2011,3.4175
1/26/2011,3.5025
1/27/2011,3.478
1/28/2011,3.4215
1/31/2011,3.4735
2/1/2011,3.5445
2/2/2011,3.5836
2/3/2011,3.6645
2/4/2011,3.7404
2/7/2011,3.746
2/8/2011,3.8475
2/9/2011,3.7685
2/10/2011,3.81
2/11/2011,3.7482
2/14/2011,3.7365
2/15/2011,3.7091
2/16/2011,3.724
2/17/2011,3.674
2/18/2011,3.6835
2/21/2011,3.6655
2/22/2011,3.5755
2/23/2011,3.604
2/24/2011,3.568
2/25/2011,3.5375
2/28/2011,3.542
3/1/2011,3.515
3/2/2011,3.5975
3/3/2011,3.6885
3/4/2011,3.6145
3/7/2011,3.6265
3/8/2011,3.649
3/9/2011,3.5695
3/10/2011,3.4715
3/11/2011,3.5185
3/14/2011,3.478
3/15/2011,3.426
3/16/2011,3.306
3/17/2011,3.3685
3/18/2011,3.373
3/21/2011,3.4395
3/22/2011,3.4415
3/23/2011,3.465
3/24/2011,3.5215
3/25/2011,3.5525
3/28/2011,3.5473
3/29/2011,3.601
3/30/2011,3.5395
3/31/2011,3.5748
4/1/2011,3.5475
4/4/2011,3.5275
4/5/2011,3.587
4/6/2011,3.651
4/7/2011,3.6455
4/8/2011,3.6805
4/11/2011,3.6795
4/12/2011,3.5845
4/13/2011,3.5445
4/14/2011,3.594
4/15/2011,3.4975
4/18/2011,3.4445
4/19/2011,3.4357
4/20/2011,3.4885
4/21/2011,3.478
4/22/2011,3.475
4/25/2011,3.4465
4/26/2011,3.3795
4/27/2011,3.4325
4/28/2011,3.3855
4/29/2011,3.3655
5/2/2011,3.354
5/3/2011,3.3315
5/4/2011,3.299
5/5/2011,3.241
5/6/2011,3.2415
5/9/2011,3.2405
5/10/2011,3.3035
5/11/2011,3.2515
5/12/2011,3.2963
5/13/2011,3.2515
5/16/2011,3.2205
5/17/2011,3.1895
5/18/2011,3.2635
5/19/2011,3.2605
5/20/2011,3.2385
5/23/2011,3.2235
5/24/2011,3.204
5/25/2011,3.2245
5/26/2011,3.1485
5/27/2011,3.158
5/30/2011,3.161
5/31/2011,3.161
6/1/2011,3.0538
6/2/2011,3.1505
6/3/2011,3.1125
6/6/2011,3.123
6/7/2011,3.1205
6/8/2011,3.0585
6/9/2011,3.103
6/10/2011,3.079
6/13/2011,3.092
6/14/2011,3.204
6/15/2011,3.1005
6/16/2011,3.085
6/17/2011,3.0925
6/20/2011,3.1015
6/21/2011,3.125
6/22/2011,3.099
6/23/2011,3.0405
6/24/2011,3.009
6/27/2011,3.0625
6/28/2011,3.1498
6/29/2011,3.228
6/30/2011,3.279
7/1/2011,3.3015
7/4/2011,3.303
7/5/2011,3.251
7/6/2011,3.2455
7/7/2011,3.2795
7/8/2011,3.1695
7/11/2011,3.082
7/12/2011,3.041
7/13/2011,3.035
7/14/2011,3.0905
7/15/2011,3.0455
7/18/2011,3.0455
7/19/2011,3.03
7/20/2011,3.0628
7/21/2011,3.1325
7/22/2011,3.06
7/25/2011,3.0895
7/26/2011,3.049
7/27/2011,3.076
7/28/2011,3.053
7/29/2011,2.9255
8/1/2011,2.863
8/2/2011,2.734
8/3/2011,2.7405
8/4/2011,2.5595
8/5/2011,2.7315
8/8/2011,2.5535
8/9/2011,2.4741
8/10/2011,2.3135
8/11/2011,2.499
8/12/2011,2.4141
8/15/2011,2.448
8/16/2011,2.3501
8/17/2011,2.28
8/18/2011,2.1825
8/19/2011,2.2025
8/22/2011,2.2615
8/23/2011,2.3105
8/24/2011,2.4663
8/25/2011,2.417
8/26/2011,2.3555
8/29/2011,2.416
8/30/2011,2.363
8/31/2011,2.402
9/1/2011,2.323
9/2/2011,2.19
9/5/2011,2.185
9/6/2011,2.195
9/7/2011,2.236
9/8/2011,2.168
9/9/2011,2.14
9/12/2011,2.1643
9/13/2011,2.202
9/14/2011,2.1875
9/15/2011,2.2645
9/16/2011,2.2383
9/19/2011,2.154
9/20/2011,2.138
9/21/2011,2.071
9/22/2011,1.9095
9/23/2011,2.018
9/26/2011,2.086
9/27/2011,2.1515
9/28/2011,2.159
9/29/2011,2.1755
9/30/2011,2.1075
10/3/2011,1.974
10/4/2011,2.056
10/5/2011,2.122
10/6/2011,2.2025
10/7/2011,2.278
10/10/2011,2.2778
10/11/2011,2.337
10/12/2011,2.371
10/13/2011,2.3539
10/14/2011,2.4281
10/17/2011,2.351
10/18/2011,2.3755
10/19/2011,2.353
10/20/2011,2.383
10/21/2011,2.416
10/24/2011,2.4265
10/25/2011,2.304
10/26/2011,2.3975
10/27/2011,2.551
10/28/2011,2.4705
10/31/2011,2.284
11/1/2011,2.176
11/2/2011,2.154
11/3/2011,2.249
11/4/2011,2.1945
11/7/2011,2.198
11/8/2011,2.241
11/9/2011,2.1625
11/10/2011,2.223
11/11/2011,2.213
11/14/2011,2.246
11/15/2011,2.242
11/16/2011,2.2035
11/17/2011,2.1575
11/18/2011,2.1915
11/21/2011,2.134
11/22/2011,2.106
11/23/2011,2.0915
11/24/2011,2.094
11/25/2011,2.161
11/28/2011,2.1655
11/29/2011,2.1685
11/30/2011,2.217
12/1/2011,2.256
12/2/2011,2.209
12/5/2011,2.1875
12/6/2011,2.2295
12/7/2011,2.159
12/8/2011,2.101
12/9/2011,2.1875
12/12/2011,2.1565
12/13/2011,2.112
12/14/2011,2.0495
12/15/2011,2.0635
12/16/2011,2.0255
12/19/2011,1.9995
12/20/2011,2.0925
12/21/2011,2.1285
12/22/2011,2.114
12/23/2011,2.194
12/26/2011,2.193
12/27/2011,2.1685
12/28/2011,2.083
12/29/2011,2.063
12/30/2011,2.027
1/2/2012,2.039
1/3/2012,2.1065
1/4/2012,2.1165
1/5/2012,2.131
1/6/2012,2.0965
1/9/2012,2.091
1/10/2012,2.106
1/11/2012,2.049
1/12/2012,2.062
1/13/2012,2.011
1/16/2012,2.001
1/17/2012,1.9975
1/18/2012,2.033
1/19/2012,2.105
1/20/2012,2.1535
1/23/2012,2.1735
1/24/2012,2.177
1/25/2012,2.1045
1/26/2012,2.0405
1/27/2012,2.008
1/30/2012,1.9695
1/31/2012,1.915
2/1/2012,1.9275
2/2/2012,1.9245
2/3/2012,2.021
2/6/2012,2.016
2/7/2012,2.0865
2/8/2012,2.1015
2/9/2012,2.1175
2/10/2012,2.07
2/13/2012,2.0565
2/14/2012,2.0175
2/15/2012,2.009
2/16/2012,2.0605
2/17/2012,2.0825
2/20/2012,2.0725
2/21/2012,2.147
2/22/2012,2.091
2/23/2012,2.092
2/24/2012,2.0815
2/27/2012,2.0285
2/28/2012,2.038
2/29/2012,2.062
3/1/2012,2.114
3/2/2012,2.0595
3/5/2012,2.089
3/6/2012,2.029
3/7/2012,2.0605
3/8/2012,2.094
3/9/2012,2.1055
3/12/2012,2.101
3/13/2012,2.195
3/14/2012,2.3225
3/15/2012,2.3405
3/16/2012,2.3545
3/19/2012,2.451
3/20/2012,2.443
3/21/2012,2.378
3/22/2012,2.353
3/23/2012,2.308
3/26/2012,2.318
3/27/2012,2.2515
3/28/2012,2.2655
3/29/2012,2.2295
3/30/2012,2.287
4/2/2012,2.2705
4/3/2012,2.39
4/4/2012,2.325
4/5/2012,2.2895
4/6/2012,2.1395
4/9/2012,2.142
4/10/2012,2.0965
4/11/2012,2.1355
4/12/2012,2.1655
4/13/2012,2.099
4/16/2012,2.1
4/17/2012,2.1055
4/18/2012,2.087
4/19/2012,2.085
4/20/2012,2.08
4/23/2012,2.06
4/24/2012,2.1015
4/25/2012,2.106
4/26/2012,2.069
4/27/2012,2.0655
4/30/2012,2.0485
5/1/2012,2.0715
5/2/2012,2.0635
5/3/2012,2.058
5/4/2012,2.017
5/7/2012,2.01
5/8/2012,1.9935
5/9/2012,1.9865
5/10/2012,2.007
5/11/2012,1.983
5/14/2012,1.927
5/15/2012,1.9245
5/16/2012,1.9
5/17/2012,1.8375
5/18/2012,1.8485
5/21/2012,1.8665
5/22/2012,1.9035
5/23/2012,1.8755
5/24/2012,1.921
5/25/2012,1.891
5/28/2012,1.889
5/29/2012,1.8925
5/30/2012,1.7785
5/31/2012,1.729
6/1/2012,1.6705
6/4/2012,1.7375
6/5/2012,1.773
6/6/2012,1.8375
6/7/2012,1.822
6/8/2012,1.823
6/11/2012,1.7765
6/12/2012,1.833
6/13/2012,1.76
6/14/2012,1.7995
6/15/2012,1.7295
6/18/2012,1.73
6/19/2012,1.777
6/20/2012,1.8075
6/21/2012,1.7775
6/22/2012,1.808
6/25/2012,1.7405
6/26/2012,1.7625
6/27/2012,1.7525
6/28/2012,1.714
6/29/2012,1.779
7/2/2012,1.739
7/3/2012,1.771
7/4/2012,1.77
7/5/2012,1.7475
7/6/2012,1.7025
7/9/2012,1.6525
7/10/2012,1.6375
7/11/2012,1.6415
7/12/2012,1.5955
7/13/2012,1.617
7/16/2012,1.618
7/17/2012,1.6555
7/18/2012,1.638
7/19/2012,1.639
7/20/2012,1.592
7/23/2012,1.562
7/24/2012,1.5305
7/25/2012,1.537
7/26/2012,1.5725
7/27/2012,1.6675
7/30/2012,1.6195
7/31/2012,1.5885
8/1/2012,1.658
8/2/2012,1.6385
8/3/2012,1.7135
8/6/2012,1.7085
8/7/2012,1.7705
8/8/2012,1.787
8/9/2012,1.799
8/10/2012,1.7695
8/13/2012,1.7695
8/14/2012,1.84
8/15/2012,1.9315
8/16/2012,1.953
8/17/2012,1.923
8/20/2012,1.9135
8/21/2012,1.9075
8/22/2012,1.7945
8/23/2012,1.784
8/24/2012,1.792
8/27/2012,1.7495
8/28/2012,1.725
8/29/2012,1.7505
8/30/2012,1.7325
8/31/2012,1.6595
9/3/2012,1.667
9/4/2012,1.675
9/5/2012,1.694
9/6/2012,1.784
9/7/2012,1.7768
9/10/2012,1.7545
9/11/2012,1.7985
9/12/2012,1.8495
9/13/2012,1.794
9/14/2012,1.903
9/17/2012,1.88
9/18/2012,1.8455
9/19/2012,1.7935
9/20/2012,1.794
9/21/2012,1.7685
9/24/2012,1.7288
9/25/2012,1.701
9/26/2012,1.66
9/27/2012,1.71
9/28/2012,1.7035
10/1/2012,1.701
10/2/2012,1.694
10/3/2012,1.683
10/4/2012,1.75
10/5/2012,1.806
10/8/2012,1.807
10/9/2012,1.77
10/10/2012,1.73
10/11/2012,1.727
10/12/2012,1.707
10/15/2012,1.718
10/16/2012,1.7685
10/17/2012,1.85
10/18/2012,1.866
10/19/2012,1.788
10/22/2012,1.841
10/23/2012,1.798
10/24/2012,1.82
10/25/2012,1.865
10/26/2012,1.786
10/29/2012,1.759
10/30/2012,1.764
10/31/2012,1.7375
11/1/2012,1.7695
11/2/2012,1.7473
11/5/2012,1.717
11/6/2012,1.794
11/7/2012,1.6845
11/8/2012,1.6345
11/9/2012,1.6455
11/12/2012,1.6448
11/13/2012,1.639
11/14/2012,1.628
11/15/2012,1.6383
11/16/2012,1.6292
11/19/2012,1.659
11/20/2012,1.704
11/21/2012,1.7155
11/22/2012,1.718
11/23/2012,1.7283
11/26/2012,1.7022
11/27/2012,1.672
11/28/2012,1.6701
11/29/2012,1.6581
11/30/2012,1.6648
12/3/2012,1.666
12/4/2012,1.6537
12/5/2012,1.6409
12/6/2012,1.6436
12/7/2012,1.6774
12/10/2012,1.6748
12/11/2012,1.7028
12/12/2012,1.744
12/13/2012,1.7784
12/14/2012,1.754
12/17/2012,1.8226
12/18/2012,1.8675
12/19/2012,1.8494
12/20/2012,1.8471
12/21/2012,1.82
12/24/2012,1.837
12/25/2012,1.8251
12/26/2012,1.812
12/27/2012,1.8002
12/28/2012,1.763
12/31/2012,1.8395
1/1/2013,1.8395
1/2/2013,1.8781
1/3/2013,1.9455
1/4/2013,1.936
1/7/2013,1.927
1/8/2013,1.891
1/9/2013,1.8875
1/10/2013,1.9242
1/11/2013,1.9024
1/14/2013,1.877
1/15/2013,1.8691
1/16/2013,1.854
1/17/2013,1.925
1/18/2013,1.8952
1/21/2013,1.892
1/22/2013,1.895
1/23/2013,1.881
1/24/2013,1.9085
1/25/2013,2.0109
1/28/2013,2.0215
1/29/2013,2.0625
1/30/2013,2.0659
1/31/2013,2.063
2/1/2013,2.099
2/4/2013,2.046
2/5/2013,2.086
2/6/2013,2.0455
2/7/2013,2.0415
2/8/2013,2.0338
2/11/2013,2.0501
2/12/2013,2.065
2/13/2013,2.1193
2/14/2013,2.0655
2/15/2013,2.0676
2/18/2013,2.0753
2/19/2013,2.101
2/20/2013,2.085
2/21/2013,2.0512
2/22/2013,2.041
2/25/2013,1.9427
2/26/2013,1.9703
2/27/2013,1.9907
2/28/2013,1.9669
3/1/2013,1.9353
3/4/2013,1.961
3/5/2013,1.9795
3/6/2013,2.0188
3/7/2013,2.0785
3/8/2013,2.1275
3/11/2013,2.141
3/12/2013,2.1025
3/13/2013,2.1045
3/14/2013,2.1195
3/15/2013,2.0825
3/18/2013,2.057
3/19/2013,2.016
3/20/2013,2.077
3/21/2013,2.037
3/22/2013,2.058
3/25/2013,2.055
3/26/2013,2.0655
3/27/2013,2.0033
3/28/2013,2.0105
3/29/2013,2.007
4/1/2013,1.9893
4/2/2013,2.015
4/3/2013,1.9715
4/4/2013,1.9315
4/5/2013,1.885
4/8/2013,1.9393
4/9/2013,1.9289
4/10/2013,1.9718
4/11/2013,1.958
4/12/2013,1.8945
4/15/2013,1.8526
4/16/2013,1.8965
4/17/2013,1.8622
4/18/2013,1.8508
4/19/2013,1.8735
4/22/2013,1.868
4/23/2013,1.8972
4/24/2013,1.8805
4/25/2013,1.8835
4/26/2013,1.8445
4/29/2013,1.843
4/30/2013,1.848
5/1/2013,1.8195
5/2/2013,1.809
5/3/2013,1.9175
5/6/2013,1.939
5/7/2013,1.9561
5/8/2013,1.9491
5/9/2013,1.9617
5/10/2013,2.041
5/13/2013,2.0628
5/14/2013,2.1166
5/15/2013,2.0673
5/16/2013,2.009
5/17/2013,2.087
5/20/2013,2.098
5/21/2013,2.0538
5/22/2013,2.1722
5/23/2013,2.1548
5/24/2013,2.1625
5/27/2013,2.156
5/28/2013,2.334
5/29/2013,2.276
5/30/2013,2.28
5/31/2013,2.3042
6/3/2013,2.302
6/4/2013,2.3425
6/5/2013,2.2808
6/6/2013,2.27
6/7/2013,2.3666
6/10/2013,2.418
6/11/2013,2.383
6/12/2013,2.4222
6/13/2013,2.3288
6/14/2013,2.308
6/17/2013,2.3578
6/18/2013,2.369
6/19/2013,2.5619
6/20/2013,2.6435
6/21/2013,2.761
6/24/2013,2.764
6/25/2013,2.8315
6/26/2013,2.7515
6/27/2013,2.6755
6/28/2013,2.697
7/1/2013,2.695
7/2/2013,2.6871
7/3/2013,2.7365
7/4/2013,2.734
7/5/2013,2.994
7/8/2013,2.882
7/9/2013,2.862
7/10/2013,2.8385
7/11/2013,2.7905
7/12/2013,2.8054
7/15/2013,2.7555
7/16/2013,2.745
7/17/2013,2.6908
7/18/2013,2.733
7/19/2013,2.69
7/22/2013,2.689
7/23/2013,2.707
7/24/2013,2.785
7/25/2013,2.7721
7/26/2013,2.7625
7/29/2013,2.7955
7/30/2013,2.801
7/31/2013,2.7695
8/1/2013,2.894
8/2/2013,2.771
8/5/2013,2.811
8/6/2013,2.8275
8/7/2013,2.78
8/8/2013,2.7645
8/9/2013,2.747
8/12/2013,2.793
8/13/2013,2.89
8/14/2013,2.8845
8/15/2013,2.93
8/16/2013,2.995
8/19/2013,3.061
8/20/2013,3.0001
8/21/2013,3.086
8/22/2013,3.088
8/23/2013,3.0095
8/26/2013,2.9713
8/27/2013,2.896
8/28/2013,2.9543
8/29/2013,2.9555
8/30/2013,2.981
9/2/2013,2.98
9/3/2013,3.0345
9/4/2013,3.0805
9/5/2013,3.1847
9/6/2013,3.118
9/9/2013,3.0845
9/10/2013,3.1259
9/11/2013,3.078
9/12/2013,3.0675
9/13/2013,3.048
9/16/2013,3.02
9/17/2013,2.9965
9/18/2013,2.841
9/19/2013,2.9105
9/20/2013,2.892
9/23/2013,2.851
9/24/2013,2.8098
9/25/2013,2.7795
9/26/2013,2.801
9/27/2013,2.78
9/30/2013,2.765
10/1/2013,2.808
10/2/2013,2.7835
10/3/2013,2.7705
10/4/2013,2.8115
10/7/2013,2.7845
10/8/2013,2.7755
10/9/2013,2.8085
10/10/2013,2.8175
10/11/2013,2.8225
10/14/2013,2.8235
10/15/2013,2.8603
10/16/2013,2.7993
10/17/2013,2.7305
10/18/2013,2.724
10/21/2013,2.7445
10/22/2013,2.6565
10/23/2013,2.6495
10/24/2013,2.6728
10/25/2013,2.6635
10/28/2013,2.6708
10/29/2013,2.6515
10/30/2013,2.6815
10/31/2013,2.6995
11/1/2013,2.766
11/4/2013,2.7485
11/5/2013,2.813
11/6/2013,2.7755
11/7/2013,2.735
11/8/2013,2.8735
11/11/2013,2.866
11/12/2013,2.894
11/13/2013,2.8135
11/14/2013,2.7755
11/15/2013,2.7675
11/18/2013,2.727
11/19/2013,2.758
11/20/2013,2.8405
11/21/2013,2.8298
11/22/2013,2.809
11/25/2013,2.7945
11/26/2013,2.7828
11/27/2013,2.8175
11/28/2013,2.816
11/29/2013,2.823
12/2/2013,2.8865
12/3/2013,2.8735
12/4/2013,2.9085
12/5/2013,2.9428
12/6/2013,2.9225
12/9/2013,2.8993
12/10/2013,2.8695
12/11/2013,2.917
12/12/2013,2.939
12/13/2013,2.9258
12/16/2013,2.9355
12/17/2013,2.8875
12/18/2013,2.949
12/19/2013,2.9943
12/20/2013,2.9538
12/23/2013,2.9965
12/24/2013,3.049
12/25/2013,3.049
12/26/2013,3.057
12/27/2013,3.056
12/30/2013,3.0315
12/31/2013,3.086
1/1/2014,3.094
1/2/2014,3.061
1/3/2014,3.0665
1/6/2014,3.026
1/7/2014,3.0098
1/8/2014,3.065
1/9/2014,3.052
1/10/2014,2.9515
1/13/2014,2.9105
1/14/2014,2.9635
1/15/2014,2.991
1/16/2014,2.951
1/17/2014,2.93
1/20/2014,2.93
1/21/2014,2.9333
1/22/2014,2.976
1/23/2014,2.899
1/24/2014,2.839
1/27/2014,2.8714
1/28/2014,2.8763
1/29/2014,2.814
1/30/2014,2.831
1/31/2014,2.7855
2/3/2014,2.72
2/4/2014,2.773
2/5/2014,2.809
2/6/2014,2.839
2/7/2014,2.815
2/10/2014,2.7907
2/11/2014,2.8495
2/12/2014,2.886
2/13/2014,2.834
2/14/2014,2.85
2/17/2014,2.8565
2/18/2014,2.819
2/19/2014,2.85
2/20/2014,2.8565
2/21/2014,2.83
2/24/2014,2.833
2/25/2014,2.7965
2/26/2014,2.7628
2/27/2014,2.7473
2/28/2014,2.761
3/3/2014,2.726
3/4/2014,2.8115
3/5/2014,2.8128
3/6/2014,2.8485
3/7/2014,2.892
3/10/2014,2.878
3/11/2014,2.87
3/12/2014,2.832
3/13/2014,2.7545
3/14/2014,2.7693
3/17/2014,2.8075
3/18/2014,2.788
3/19/2014,2.891
3/20/2014,2.892
3/21/2014,2.8588
3/24/2014,2.846
3/25/2014,2.869
3/26/2014,2.8135
3/27/2014,2.8035
3/28/2014,2.8415
3/31/2014,2.842
4/1/2014,2.8773
4/2/2014,2.9235
4/3/2014,2.9195
4/4/2014,2.8348
4/7/2014,2.8203
4/8/2014,2.799
4/9/2014,2.803
4/10/2014,2.77
4/11/2014,2.7428
4/14/2014,2.7665
4/15/2014,2.751
4/16/2014,2.758
4/17/2014,2.845
4/18/2014,2.845
4/21/2014,2.82
4/22/2014,2.8183
4/23/2014,2.8045
4/24/2014,2.7885
4/25/2014,2.7725
4/28/2014,2.8045
4/29/2014,2.7933
4/30/2014,2.754
5/1/2014,2.733
5/2/2014,2.7043
5/5/2014,2.731
5/6/2014,2.711
5/7/2014,2.697
5/8/2014,2.6898
5/9/2014,2.7063
5/12/2014,2.741
5/13/2014,2.694
5/14/2014,2.6335
5/15/2014,2.584
5/16/2014,2.623
5/19/2014,2.646
5/20/2014,2.6123
5/21/2014,2.627
5/22/2014,2.647
5/23/2014,2.622
5/26/2014,2.625
5/27/2014,2.609
5/28/2014,2.54
5/29/2014,2.567
5/30/2014,2.588
6/2/2014,2.637
6/3/2014,2.7108
6/4/2014,2.721
6/5/2014,2.7048
6/6/2014,2.7058
6/9/2014,2.7215
6/10/2014,2.758
6/11/2014,2.7445
6/12/2014,2.697
6/13/2014,2.705
6/16/2014,2.6975
6/17/2014,2.745
6/18/2014,2.679
6/19/2014,2.711
6/20/2014,2.6963
6/23/2014,2.716
6/24/2014,2.676
6/25/2014,2.66
6/26/2014,2.637
6/27/2014,2.64
6/30/2014,2.6308
7/1/2014,2.665
7/2/2014,2.729
7/3/2014,2.739
7/4/2014,2.736
7/7/2014,2.7091
7/8/2014,2.6535
7/9/2014,2.65
7/10/2014,2.6478
7/11/2014,2.628
7/14/2014,2.6562
7/15/2014,2.6565
7/16/2014,2.6355
7/17/2014,2.5693
7/18/2014,2.5985
7/21/2014,2.59
7/22/2014,2.585
7/23/2014,2.59
7/24/2014,2.627
7/25/2014,2.5895
7/28/2014,2.611
7/29/2014,2.5898
7/30/2014,2.6865
7/31/2014,2.6973
8/1/2014,2.6348
8/4/2014,2.6215
8/5/2014,2.6285
8/6/2014,2.6175
8/7/2014,2.565
8/8/2014,2.5795
8/11/2014,2.5874
8/12/2014,2.6038
8/13/2014,2.5675
8/14/2014,2.546
8/15/2014,2.4915
8/18/2014,2.545
8/19/2014,2.555
8/20/2014,2.5811
8/21/2014,2.5583
8/22/2014,2.55
8/25/2014,2.5235
8/26/2014,2.538
8/27/2014,2.5043
8/28/2014,2.4905
8/29/2014,2.498
9/1/2014,2.4939
9/2/2014,2.552
9/3/2014,2.5158
9/4/2014,2.573
9/5/2014,2.5778
9/8/2014,2.595
9/9/2014,2.633
9/10/2014,2.6758
9/11/2014,2.685
9/12/2014,2.7453
9/15/2014,2.73
9/16/2014,2.736
9/17/2014,2.7613
9/18/2014,2.7513
9/19/2014,2.7073
9/22/2014,2.6858
9/23/2014,2.6505
9/24/2014,2.6917
9/25/2014,2.636
9/26/2014,2.6555
9/29/2014,2.6225
9/30/2014,2.639
10/1/2014,2.539
10/2/2014,2.5755
10/3/2014,2.5915
10/6/2014,2.576
10/7/2014,2.5003
10/8/2014,2.471
10/9/2014,2.451
10/10/2014,2.418
10/13/2014,2.411
10/14/2014,2.3453
10/15/2014,2.296
10/16/2014,2.322
10/17/2014,2.3515
10/20/2014,2.334
10/21/2014,2.3615
10/22/2014,2.3515
10/23/2014,2.4153
10/24/2014,2.413
10/27/2014,2.4065
10/28/2014,2.4383
10/29/2014,2.457
10/30/2014,2.448
10/31/2014,2.481
11/3/2014,2.4823
11/4/2014,2.4755
11/5/2014,2.4893
11/6/2014,2.5295
11/7/2014,2.4375
11/10/2014,2.494
11/11/2014,2.5015
11/12/2014,2.5005
11/13/2014,2.4623
11/14/2014,2.448
11/17/2014,2.465
11/18/2014,2.437
11/19/2014,2.4803
11/20/2014,2.46
11/21/2014,2.432
11/24/2014,2.4305
11/25/2014,2.3818
11/26/2014,2.3733
11/27/2014,2.3731
11/28/2014,2.3025
12/1/2014,2.3673
12/2/2014,2.4201
12/3/2014,2.4093
12/4/2014,2.3528
12/5/2014,2.42
12/8/2014,2.375
12/9/2014,2.3313
12/10/2014,2.2805
12/11/2014,2.291
12/12/2014,2.2087
12/15/2014,2.2463
12/16/2014,2.188
12/17/2014,2.2612
12/18/2014,2.335
12/19/2014,2.2915
12/22/2014,2.2885
12/23/2014,2.3885
12/24/2014,2.39
12/25/2014,2.3855
12/26/2014,2.3678
12/29/2014,2.3155
12/30/2014,2.298
12/31/2014,2.2825
1/1/2015,2.2825
1/2/2015,2.224
1/5/2015,2.1424
1/6/2015,2.0455
1/7/2015,2.0838
1/8/2015,2.138
1/9/2015,2.0665
1/12/2015,2.0253
1/13/2015,2.0133
1/14/2015,1.969
1/15/2015,1.8333
1/16/2015,1.9561
1/19/2015,1.9534
1/20/2015,1.9155
1/21/2015,2.006
1/22/2015,2.0005
1/23/2015,1.9403
1/26/2015,1.9695
1/27/2015,1.9705
1/28/2015,1.862
1/29/2015,1.8883
1/30/2015,1.7873
2/2/2015,1.7998
2/3/2015,1.931
2/4/2015,1.8908
2/5/2015,1.957
2/6/2015,2.0965
2/9/2015,2.1165
2/10/2015,2.1343
2/11/2015,2.1488
2/12/2015,2.1175
2/13/2015,2.1765
2/16/2015,2.174
2/17/2015,2.2648
2/18/2015,2.2098
2/19/2015,2.247
2/20/2015,2.2422
2/23/2015,2.1928
2/24/2015,2.115
2/25/2015,2.0998
2/26/2015,2.1573
2/27/2015,2.1203
3/2/2015,2.206
3/3/2015,2.2399
3/4/2015,2.2395
3/5/2015,2.239
3/6/2015,2.3578
3/9/2015,2.2985
3/10/2015,2.245
3/11/2015,2.226
3/12/2015,2.2293
3/13/2015,2.228
3/16/2015,2.1808
3/17/2015,2.1547
3/18/2015,2.0073
3/19/2015,2.0503
3/20/2015,2.0278
3/23/2015,2.0053
3/24/2015,1.9673
3/25/2015,2.0193
3/26/2015,2.0853
3/27/2015,2.0525
3/30/2015,2.0415
3/31/2015,2.0243
4/1/2015,1.9639
4/2/2015,2.0155
4/3/2015,1.9495
4/6/2015,2.0089
4/7/2015,1.9878
4/8/2015,1.9983
4/9/2015,2.056
4/10/2015,2.0415
4/13/2015,2.013
4/14/2015,1.9815
4/15/2015,1.9745
4/16/2015,1.9778
4/17/2015,1.9553
4/20/2015,1.972
4/21/2015,1.9865
4/22/2015,2.056
4/23/2015,2.029
4/24/2015,1.9875
4/27/2015,2.004
4/28/2015,2.0825
4/29/2015,2.1175
4/30/2015,2.123
5/1/2015,2.203
5/4/2015,2.2336
5/5/2015,2.27
5/6/2015,2.3253
5/7/2015,2.2603
5/8/2015,2.2235
5/11/2015,2.347
5/12/2015,2.3183
5/13/2015,2.35
5/14/2015,2.2873
5/15/2015,2.1998
5/18/2015,2.2907
5/19/2015,2.3346
5/20/2015,2.2927
5/21/2015,2.2493
5/22/2015,2.2815
5/25/2015,2.278
5/26/2015,2.221
5/27/2015,2.2073
5/28/2015,2.2185
5/29/2015,2.2145
6/1/2015,2.2624
6/2/2015,2.3381
6/3/2015,2.4448
6/4/2015,2.39
6/5/2015,2.492
6/8/2015,2.4595
6/9/2015,2.5167
6/10/2015,2.5618
6/11/2015,2.457
6/12/2015,2.4713
6/15/2015,2.4364
6/16/2015,2.3975
6/17/2015,2.397
6/18/2015,2.4155
6/19/2015,2.3395
6/22/2015,2.4541
6/23/2015,2.4951
6/24/2015,2.4611
6/25/2015,2.5072
6/26/2015,2.562
6/29/2015,2.4334
6/30/2015,2.4643
7/1/2015,2.5233
7/2/2015,2.4942
7/3/2015,2.488
7/6/2015,2.407
7/7/2015,2.3798
7/8/2015,2.3105
7/9/2015,2.425
7/10/2015,2.4912
7/13/2015,2.541
7/14/2015,2.4823
7/15/2015,2.4346
7/16/2015,2.4335
7/17/2015,2.439
7/20/2015,2.458
7/21/2015,2.4103
7/22/2015,2.4135
7/23/2015,2.354
7/24/2015,2.3464
7/27/2015,2.3023
7/28/2015,2.3315
7/29/2015,2.3669
7/30/2015,2.344
7/31/2015,2.2669
8/3/2015,2.2345
8/4/2015,2.3095
8/5/2015,2.3595
8/6/2015,2.3118
8/7/2015,2.254
8/10/2015,2.3102
8/11/2015,2.2255
8/12/2015,2.232
8/13/2015,2.2635
8/14/2015,2.274
8/17/2015,2.2423
8/18/2015,2.2652
8/19/2015,2.2038
8/20/2015,2.1505
8/21/2015,2.114
8/24/2015,2.0735
8/25/2015,2.1373
8/26/2015,2.23
8/27/2015,2.253
8/28/2015,2.2395
8/31/2015,2.2737
9/1/2015,2.195
9/2/2015,2.232
9/3/2015,2.2203
9/4/2015,2.1729
9/7/2015,2.1719
9/8/2015,2.2132
9/9/2015,2.2103
9/10/2015,2.2365
9/11/2015,2.2145
9/14/2015,2.2152
9/15/2015,2.3106
9/16/2015,2.3075
9/17/2015,2.2105
9/18/2015,2.165
9/21/2015,2.2046
9/22/2015,2.138
9/23/2015,2.15
9/24/2015,2.1248
9/25/2015,2.1425
9/28/2015,2.0545
9/29/2015,1.997
9/30/2015,2.0025
10/1/2015,2.0222
10/2/2015,1.982
10/5/2015,2.0515
10/6/2015,2.0213
10/7/2015,2.0503
10/8/2015,2.0893
10/9/2015,2.0713
10/12/2015,2.0715
10/13/2015,2.014
10/14/2015,1.91
10/15/2015,1.9698
10/16/2015,1.9975
10/19/2015,1.9905
10/20/2015,2.0318
10/21/2015,1.99
10/22/2015,1.995
10/23/2015,2.038
10/26/2015,1.9925
10/27/2015,1.9763
10/28/2015,2.0345
10/29/2015,2.0955
10/30/2015,2.0605
11/2/2015,2.09
11/3/2015,2.1145
11/4/2015,2.1028
11/5/2015,2.1148
11/6/2015,2.2243
11/9/2015,2.2398
11/10/2015,2.235
11/11/2015,2.2401
11/12/2015,2.202
11/13/2015,2.149
11/16/2015,2.151
11/17/2015,2.1338
11/18/2015,2.1307
11/19/2015,2.0823
11/20/2015,2.0935
11/23/2015,2.0988
11/24/2015,2.1059
11/25/2015,2.099
11/26/2015,2.0985
11/27/2015,2.0845
11/30/2015,2.066
12/1/2015,2.019
12/2/2015,2.067
12/3/2015,2.1948
12/4/2015,2.162
12/7/2015,2.1238
12/8/2015,2.114
12/9/2015,2.1183
12/10/2015,2.1613
12/11/2015,2.076
12/14/2015,2.1255
12/15/2015,2.1695
12/16/2015,2.2073
12/17/2015,2.1485
12/18/2015,2.147
12/21/2015,2.1378
12/22/2015,2.1779
12/23/2015,2.1873
12/24/2015,2.171
12/25/2015,2.171
12/28/2015,2.166
12/29/2015,2.2313
12/30/2015,2.2143
12/31/2015,2.1865
1/1/2016,2.1865
1/4/2016,2.171
1/5/2016,2.1436
1/6/2016,2.0788
1/7/2016,2.0438
1/8/2016,1.983
1/11/2016,2.022
1/12/2016,1.9555
1/13/2016,1.9443
1/14/2016,1.931
1/15/2016,1.8895
1/18/2016,1.888
1/19/2016,1.9058
1/20/2016,1.8448
1/21/2016,1.9015
1/22/2016,1.9158
1/25/2016,1.8719
1/26/2016,1.862
1/27/2016,1.8803
1/28/2016,1.8625
1/29/2016,1.7955
2/1/2016,1.8245
2/2/2016,1.719
2/3/2016,1.7455
2/4/2016,1.7378
2/5/2016,1.7513
2/8/2016,1.6745
2/9/2016,1.6265
2/10/2016,1.5408
2/11/2016,1.4868
2/12/2016,1.6028
2/15/2016,1.62
2/16/2016,1.6173
2/17/2016,1.6712
2/18/2016,1.5975
2/19/2016,1.6063
2/22/2016,1.6068
2/23/2016,1.5685
2/24/2016,1.591
2/25/2016,1.55
2/26/2016,1.5915
2/29/2016,1.575
3/1/2016,1.6583
3/2/2016,1.6815
3/3/2016,1.682
3/4/2016,1.7255
3/7/2016,1.7545
3/8/2016,1.676
3/9/2016,1.715
3/10/2016,1.767
3/11/2016,1.8278
3/14/2016,1.8033
3/15/2016,1.8205
3/16/2016,1.7463
3/17/2016,1.7345
3/18/2016,1.7065
3/21/2016,1.755
3/22/2016,1.7875
3/23/2016,1.736
3/24/2016,1.7826
3/25/2016,1.761
3/28/2016,1.759
3/29/2016,1.6758
3/30/2016,1.681
3/31/2016,1.6385
4/1/2016,1.6498
4/4/2016,1.6335
4/5/2016,1.591
4/6/2016,1.6282
4/7/2016,1.5613
4/8/2016,1.6024
4/11/2016,1.6015
4/12/2016,1.6404
4/13/2016,1.6225
4/14/2016,1.6498
4/15/2016,1.6082
4/18/2016,1.6259
4/19/2016,1.6478
4/20/2016,1.712
4/21/2016,1.723
4/22/2016,1.7503
4/25/2016,1.776
4/26/2016,1.7881
4/27/2016,1.724
4/28/2016,1.7019
4/29/2016,1.7266
5/2/2016,1.7565
5/3/2016,1.6805
5/4/2016,1.646
5/5/2016,1.603
5/6/2016,1.629
5/9/2016,1.5903
5/10/2016,1.6043
5/11/2016,1.581
5/12/2016,1.614
5/13/2016,1.5705
5/16/2016,1.6185
5/17/2016,1.6435
5/18/2016,1.705
5/19/2016,1.71
5/20/2016,1.6985
5/23/2016,1.6955
5/24/2016,1.7213
5/25/2016,1.7228
5/26/2016,1.6885
5/27/2016,1.7103
5/30/2016,1.71
5/31/2016,1.704
6/1/2016,1.7007
6/2/2016,1.6735
6/3/2016,1.571
6/6/2016,1.616
6/7/2016,1.589
6/8/2016,1.5728
6/9/2016,1.559
6/10/2016,1.5155
6/13/2016,1.4815
6/14/2016,1.4853
6/15/2016,1.4458
6/16/2016,1.4475
6/17/2016,1.4875
6/20/2016,1.5678
6/21/2016,1.5873
6/22/2016,1.565
6/23/2016,1.6263
6/24/2016,1.4355
6/27/2016,1.3131
6/28/2016,1.3478
6/29/2016,1.4015
6/30/2016,1.364
7/1/2016,1.3575
7/4/2016,1.35
7/5/2016,1.2935
7/6/2016,1.2763
7/7/2016,1.2865
7/8/2016,1.2473
7/11/2016,1.3192
7/12/2016,1.3893
7/13/2016,1.334
7/14/2016,1.389
7/15/2016,1.4105
7/18/2016,1.4378
7/19/2016,1.4211
7/20/2016,1.4581
7/21/2016,1.4699
7/22/2016,1.4788
7/25/2016,1.4878
7/26/2016,1.4663
7/27/2016,1.4038
7/28/2016,1.4015
7/29/2016,1.352
8/1/2016,1.4165
8/2/2016,1.4492
8/3/2016,1.4373
8/4/2016,1.3965
8/5/2016,1.4795
8/8/2016,1.4878
8/9/2016,1.439
8/10/2016,1.3965
8/11/2016,1.443
8/12/2016,1.398
8/15/2016,1.4355
8/16/2016,1.4395
8/17/2016,1.4225
8/18/2016,1.4125
8/19/2016,1.4423
8/22/2016,1.3998
8/23/2016,1.401
8/24/2016,1.4133
8/25/2016,1.436
8/26/2016,1.4877
8/29/2016,1.4145
8/30/2016,1.428
8/31/2016,1.4473
9/1/2016,1.439
9/2/2016,1.462
9/5/2016,1.4564
9/6/2016,1.3898
9/7/2016,1.3893
9/8/2016,1.447
9/9/2016,1.5245
9/12/2016,1.5075
9/13/2016,1.5655
9/14/2016,1.5278
9/15/2016,1.5203
9/16/2016,1.5243
9/19/2016,1.546
9/20/2016,1.535
9/21/2016,1.5035
9/22/2016,1.4585
9/23/2016,1.4629
9/26/2016,1.4263
9/27/2016,1.408
9/28/2016,1.4225
9/29/2016,1.42
9/30/2016,1.4555
10/3/2016,1.477
10/4/2016,1.5381
10/5/2016,1.552
10/6/2016,1.5826
10/7/2016,1.556
10/10/2016,1.6228
10/11/2016,1.6042
10/12/2016,1.6056
10/13/2016,1.577
10/14/2016,1.6285
10/17/2016,1.599
10/18/2016,1.5717
10/19/2016,1.5758
10/20/2016,1.5955
10/21/2016,1.5751
10/24/2016,1.6033
10/25/2016,1.5976
10/26/2016,1.6448
10/27/2016,1.7068
10/28/2016,1.7064
10/31/2016,1.6839
11/1/2016,1.6858
11/2/2016,1.663
11/3/2016,1.6703
11/4/2016,1.6395
11/7/2016,1.69
11/8/2016,1.72
11/9/2016,1.9272
11/10/2016,2.019
11/11/2016,2.02
11/14/2016,2.1375
11/15/2016,2.0834
11/16/2016,2.0804
11/17/2016,2.1485
11/18/2016,2.2033
11/21/2016,2.1484
11/22/2016,2.1332
11/23/2016,2.1715
11/24/2016,2.1775
11/25/2016,2.184
11/28/2016,2.147
11/29/2016,2.1248
11/30/2016,2.2141
12/1/2016,2.2868
12/2/2016,2.2264
12/5/2016,2.2416
12/6/2016,2.2442
12/7/2016,2.1898
12/8/2016,2.2697
12/9/2016,2.336
12/12/2016,2.3413
12/13/2016,2.3293
12/14/2016,2.4465
12/15/2016,2.4955
12/16/2016,2.497
12/19/2016,2.4468
12/20/2016,2.461
12/21/2016,2.4385
12/22/2016,2.4492
12/23/2016,2.436
12/26/2016,2.436
12/27/2016,2.4525
12/28/2016,2.4025
12/29/2016,2.371
12/30/2016,2.3367
1/2/2017,2.3355
1/3/2017,2.3062
1/4/2017,2.2866
1/5/2017,2.211
1/6/2017,2.292
1/9/2017,2.2339
1/10/2017,2.2512
1/11/2017,2.2506
1/12/2017,2.2419
1/13/2017,2.2795
1/16/2017,2.2634
1/17/2017,2.2076
1/18/2017,2.3143
1/19/2017,2.3713
1/20/2017,2.3635
1/23/2017,2.3021
1/24/2017,2.361
1/25/2017,2.4124
1/26/2017,2.4141
1/27/2017,2.3972
1/30/2017,2.3969
1/31/2017,2.3645
2/1/2017,2.3833
2/2/2017,2.3874
2/3/2017,2.3879
2/6/2017,2.3435
2/7/2017,2.3268
2/8/2017,2.255
2/9/2017,2.321
2/10/2017,2.3365
2/13/2017,2.37
2/14/2017,2.4015
2/15/2017,2.4278
2/16/2017,2.3903
2/17/2017,2.375
2/20/2017,2.382
2/21/2017,2.408
2/22/2017,2.388
2/23/2017,2.3508
2/24/2017,2.288
2/27/2017,2.343
2/28/2017,2.3738
3/1/2017,2.4207
3/2/2017,2.4565
3/3/2017,2.455
3/6/2017,2.463
3/7/2017,2.4663
3/8/2017,2.5135
3/9/2017,2.572
3/10/2017,2.5508
3/13/2017,2.5987
3/14/2017,2.5713
3/15/2017,2.4665
3/16/2017,2.5028
3/17/2017,2.4731
3/20/2017,2.4278
3/21/2017,2.3825
3/22/2017,2.3705
3/23/2017,2.4008
3/24/2017,2.3965
3/27/2017,2.349
3/28/2017,2.395
3/29/2017,2.3613
3/30/2017,2.4116
3/31/2017,2.3841
4/3/2017,2.3076
4/4/2017,2.3455
4/5/2017,2.3159
4/6/2017,2.3193
4/7/2017,2.3564
4/10/2017,2.3311
4/11/2017,2.2574
4/12/2017,2.2036
4/13/2017,2.209
4/14/2017,2.2105
4/17/2017,2.2116
4/18/2017,2.128
4/19/2017,2.166
4/20/2017,2.2033
4/21/2017,2.2145
4/24/2017,2.2486
4/25/2017,2.3155
4/26/2017,2.28
4/27/2017,2.267
4/28/2017,2.2544
5/1/2017,2.2838
5/2/2017,2.2453
5/3/2017,2.269
5/4/2017,2.303
5/5/2017,2.2904
5/8/2017,2.3262
5/9/2017,2.3278
5/10/2017,2.3242
5/11/2017,2.309
5/12/2017,2.2506
5/15/2017,2.2553
5/16/2017,2.2467
5/17/2017,2.147
5/18/2017,2.156
5/19/2017,2.1721
5/22/2017,2.193
5/23/2017,2.2225
5/24/2017,2.1948
5/25/2017,2.2045
5/26/2017,2.2004
5/29/2017,2.202
5/30/2017,2.1517
5/31/2017,2.1471
6/1/2017,2.1559
6/2/2017,2.1055
6/5/2017,2.1297
6/6/2017,2.1012
6/7/2017,2.1323
6/8/2017,2.1503
6/9/2017,2.1581
6/12/2017,2.1602
6/13/2017,2.186
6/14/2017,2.1068
6/15/2017,2.1405
6/16/2017,2.1208
6/19/2017,2.1705
6/20/2017,2.1372
6/21/2017,2.128
6/22/2017,2.101
6/23/2017,2.1168
6/26/2017,2.1196
6/27/2017,2.1774
6/28/2017,2.2012
6/29/2017,2.24
6/30/2017,2.281
7/3/2017,2.3205
7/4/2017,2.3195
7/5/2017,2.3071
7/6/2017,2.3461
7/7/2017,2.3534
7/10/2017,2.3363
7/11/2017,2.3161
7/12/2017,2.2725
7/13/2017,2.295
7/14/2017,2.2815
7/17/2017,2.2579
7/18/2017,2.2039
7/19/2017,2.2344
7/20/2017,2.2282
7/21/2017,2.2081
7/24/2017,2.2197
7/25/2017,2.2985
7/26/2017,2.2482
7/27/2017,2.2745
7/28/2017,2.2458
7/31/2017,2.2483
8/1/2017,2.2088
8/2/2017,2.2345
8/3/2017,2.1935
8/4/2017,2.23
8/7/2017,2.2129
8/8/2017,2.2251
8/9/2017,2.2132
8/10/2017,2.1623
8/11/2017,2.1498
8/14/2017,2.1744
8/15/2017,2.2239
8/16/2017,2.1755
8/17/2017,2.1354
8/18/2017,2.1435
8/21/2017,2.1265
8/22/2017,2.1555
8/23/2017,2.1045
8/24/2017,2.1347
8/25/2017,2.1089
8/28/2017,2.0959
8/29/2017,2.0696
8/30/2017,2.0789
8/31/2017,2.0669
9/1/2017,2.1195
9/4/2017,2.0825
9/5/2017,2.0104
9/6/2017,2.0658
9/7/2017,2.002
9/8/2017,2.0129
9/11/2017,2.0848
9/12/2017,2.1187
9/13/2017,2.1478
9/14/2017,2.1548
9/15/2017,2.1734
9/18/2017,2.1987
9/19/2017,2.2086
9/20/2017,2.2332
9/21/2017,2.2477
9/22/2017,2.2188
9/25/2017,2.1855
9/26/2017,2.1978
9/27/2017,2.27
9/28/2017,2.2682
9/29/2017,2.291
10/2/2017,2.3005
10/3/2017,2.2812
10/4/2017,2.2825
10/5/2017,2.3027
10/6/2017,2.3145
10/9/2017,2.3173
10/10/2017,2.3163
10/11/2017,2.3034
10/12/2017,2.2769
10/13/2017,2.2355
10/16/2017,2.2762
10/17/2017,2.2822
10/18/2017,2.3235
10/19/2017,2.2972
10/20/2017,2.3613
10/23/2017,2.3413
10/24/2017,2.4002
10/25/2017,2.4086
10/26/2017,2.4362
10/27/2017,2.3804
10/30/2017,2.3462
10/31/2017,2.3517
11/1/2017,2.354
11/2/2017,2.3282
11/3/2017,2.312
11/6/2017,2.292
11/7/2017,2.294
11/8/2017,2.309
11/9/2017,2.3235
11/10/2017,2.3788
11/13/2017,2.3939
11/14/2017,2.356
11/15/2017,2.3119
11/16/2017,2.3705
11/17/2017,2.3385
11/20/2017,2.3637
11/21/2017,2.3599
11/22/2017,2.3199
11/23/2017,2.3236
11/24/2017,2.3405
11/27/2017,2.3205
11/28/2017,2.3214
11/29/2017,2.381
11/30/2017,2.4055
12/1/2017,2.3636
12/4/2017,2.3896
12/5/2017,2.3673
12/6/2017,2.3594
12/7/2017,2.3785
12/8/2017,2.3882
12/11/2017,2.381
